iter	MAE
0	6536.204681
1	6364.487565
2	6210.239134
3	6063.699361
4	5921.970239
5	5786.068765
6	5644.291085
7	5512.82558
8	5375.698739
9	5283.062162
10	5206.712648
11	5100.449165
12	4985.404958
13	4874.410774
14	4761.774135
15	4676.190288
16	4600.056333
17	4521.059993
18	4419.96079
19	4317.545437
20	4236.464124
21	4140.392445
22	4051.916313
23	3972.842416
24	3910.352503
25	3855.626769
26	3772.958831
27	3710.308992
28	3654.455834
29	3579.904751
30	3517.375364
31	3470.584546
32	3425.761583
33	3379.586322
34	3341.245841
35	3276.504544
36	3210.049395
37	3170.225278
38	3120.18196
39	3060.075451
40	3004.482317
41	2961.996776
42	2903.692191
43	2856.823691
44	2803.445739
45	2760.903057
46	2715.213558
47	2682.552708
48	2657.101784
49	2637.948314
50	2592.582117
51	2556.63674
52	2530.188485
53	2495.71969
54	2454.729864
55	2426.995407
56	2395.882483
57	2359.230834
58	2327.142647
59	2306.442919
60	2278.069949
61	2253.503394
62	2224.367556
63	2196.456377
64	2173.481199
65	2149.221892
66	2127.216597
67	2102.666191
68	2074.921615
69	2044.194377
70	2026.954447
71	2006.994758
72	1980.263511
73	1962.606003
74	1946.218279
75	1935.844418
76	1903.907218
77	1883.674803
78	1868.691423
79	1851.127378
80	1835.751906
81	1821.48489
82	1795.028657
83	1773.918006
84	1753.409672
85	1738.990621
86	1718.673415
87	1701.409907
88	1685.22505
89	1662.928629
90	1646.602906
91	1626.174976
92	1616.806084
93	1605.901206
94	1590.886801
95	1584.54304
96	1572.33278
97	1556.553786
98	1542.256166
99	1527.258043
100	1512.888419
101	1497.992006
102	1482.904708
103	1469.874674
104	1457.228232
105	1443.349964
106	1430.602305
107	1421.701376
108	1409.184831
109	1401.871155
110	1391.229903
111	1379.501746
112	1363.552079
113	1348.958417
114	1338.108276
115	1330.423252
116	1320.431821
117	1310.349805
118	1300.023764
119	1295.242522
120	1286.091246
121	1277.049504
122	1266.865252
123	1258.006465
124	1249.404717
125	1243.738463
126	1237.683387
127	1227.10132
128	1219.431997
129	1212.180385
130	1204.127979
131	1196.71755
132	1186.450163
133	1180.649138
134	1175.386298
135	1166.156233
136	1158.733763
137	1153.709456
138	1147.81232
139	1141.658918
140	1133.395205
141	1125.078136
142	1120.480807
143	1111.795594
144	1105.420942
145	1100.55404
146	1097.25613
147	1091.239655
148	1086.09613
149	1079.801438
150	1075.871048
151	1071.710734
152	1069.052621
153	1065.585367
154	1057.116963
155	1054.662225
156	1049.217627
157	1045.787695
158	1040.721297
159	1037.696587
160	1033.406269
161	1029.197266
162	1026.675967
163	1024.59921
164	1019.421343
165	1014.9012
166	1011.345075
167	1003.775106
168	998.2970105
169	994.199261
170	989.7716418
171	985.8861875
172	981.5258004
173	979.529387
174	975.1221022
175	971.4626025
176	962.7915775
177	958.9491279
178	955.4762731
179	950.9733455
180	946.7888183
181	942.5717626
182	937.3933009
183	931.8773659
184	929.8715377
185	927.3959755
186	924.005112
187	920.02917
188	918.0509922
189	913.0462294
190	907.544343
191	903.9489102
192	898.5833749
193	896.7937199
194	894.2539033
195	892.8261165
196	890.8679174
197	886.8908438
198	884.4252209
199	882.0578881
200	877.4417159
201	874.1551835
202	870.7362724
203	868.4378417
204	864.7442617
205	862.4886238
206	860.3547991
207	857.669087
208	852.7263811
209	847.9890527
210	844.6070749
211	840.7755438
212	838.9108564
213	835.7681864
214	832.386337
215	827.7105817
216	823.7212966
217	819.7734121
218	816.837351
219	814.7852069
220	811.3325644
221	808.7570426
222	807.8550787
223	803.6019354
224	800.2507797
225	798.8201613
226	795.0324192
227	792.4898053
228	789.0619216
229	787.3268199
230	784.4412345
231	781.4591128
232	780.1073513
233	778.0383309
234	773.9460949
235	769.1626452
236	765.6606078
237	761.6918464
238	758.138872
239	755.7046613
240	753.2499929
241	750.0880218
242	747.5616091
243	746.0878576
244	744.6861954
245	740.0608675
246	736.5313925
247	733.9319711
248	731.2095219
249	728.7192395
250	725.4336741
251	721.5261362
252	719.4924418
253	716.7341695
254	714.6598961
255	713.1516437
256	711.5609351
257	710.3261012
258	707.3917263
259	704.9353951
260	702.8097049
261	700.1506015
262	698.1107452
263	695.6945437
264	692.8564256
265	691.3490077
266	690.0607091
267	687.1370307
268	685.7886344
269	684.2739856
270	682.1764532
271	680.4916669
272	677.3407292
273	674.8678145
274	673.8494005
275	672.6075541
276	669.7404539
277	666.2941536
278	662.7867765
279	661.0931126
280	657.7482559
281	655.9298307
282	653.3949242
283	650.6556635
284	647.3048945
285	645.7954589
286	642.7448976
287	639.6431518
288	638.3996401
289	636.6079657
290	634.2125482
291	632.631309
292	629.7990565
293	627.2050263
294	625.4674021
295	623.2819377
296	621.3431997
297	618.7780678
298	616.4771446
299	614.9575179
300	612.746308
301	611.4902652
302	610.2838839
303	606.4081004
304	604.7970126
305	603.6942296
306	603.1859595
307	600.6335229
308	599.7837838
309	599.0495486
310	597.8341582
311	595.2119564
312	592.8304705
313	591.689102
314	589.2245689
315	587.9267348
316	587.3689952
317	585.0359236
318	582.9187775
319	581.6618118
320	580.1981208
321	579.0705945
322	578.1549711
323	574.8135604
324	573.3703012
325	571.1096557
326	567.7900748
327	567.086396
328	563.8020797
329	563.2183113
330	561.4161935
331	559.5095902
332	558.0258088
333	556.1996541
334	553.8914225
335	553.6503405
336	551.9199977
337	551.0188618
338	550.7528498
339	549.5246612
340	549.0792232
341	547.7278178
342	546.2595467
343	544.6021059
344	542.4954514
345	541.625376
346	540.6012864
347	539.5714445
348	538.145506
349	537.3177303
350	536.2743285
351	535.085308
352	533.7522547
353	531.5839063
354	529.6605823
355	527.49797
356	526.4760498
357	524.8534137
358	523.6866616
359	522.3627866
360	520.2795729
361	518.4887389
362	517.6383841
363	516.6203499
364	516.2612109
365	514.7018121
366	513.6276543
367	513.4362532
368	512.6185405
369	510.414779
370	509.904009
371	508.9379669
372	508.3311468
373	506.4762484
374	504.6964429
375	503.7630408
376	502.9847233
377	502.2209333
378	500.6623998
379	500.4466805
380	498.9465894
381	497.4768917
382	495.9243559
383	495.4095392
384	494.830176
385	494.1794788
386	492.7421232
387	491.7970973
388	491.691037
389	491.1428766
390	489.9898731
391	488.9334778
392	487.8250559
393	486.7353403
394	484.9059983
395	483.5594688
396	481.9619466
397	480.4214342
398	479.2901335
399	477.929471
400	477.7668615
401	476.2823491
402	475.339932
403	473.920189
404	472.7941213
405	470.68768
406	469.9820416
407	469.869162
408	469.0817272
409	467.5082211
410	466.0406087
411	464.4335319
412	462.5353326
413	460.2282997
414	458.9545623
415	457.9441626
416	457.3484242
417	456.3747008
418	454.4349826
419	452.7170159
420	452.269764
421	450.8882888
422	450.0020859
423	448.5696781
424	447.7504877
425	446.8728257
426	445.6397426
427	445.3946528
428	445.2075102
429	444.5054098
430	444.0119581
431	442.4605591
432	441.7937551
433	440.2862154
434	439.3701602
435	438.6373112
436	437.6444208
437	436.9807051
438	434.6848875
439	433.8229107
440	433.3342553
441	432.349162
442	431.3146202
443	430.8349636
444	429.8907295
445	426.7420268
446	425.8736567
447	424.1487966
448	423.5671631
449	422.994844
450	421.8989704
451	421.6911053
452	420.7269363
453	419.7024646
454	418.5343798
455	417.8701283
456	417.184537
457	416.2820904
458	415.2672958
459	415.1508177
460	414.6823204
461	413.6615303
462	413.4319195
463	413.0774413
464	412.0905284
465	410.9783314
466	410.4797164
467	410.0387602
468	407.1146444
469	406.8071823
470	406.4095265
471	406.0766136
472	405.7126941
473	405.515887
474	404.4998337
475	403.147312
476	402.9744458
477	402.4317123
478	401.7568609
479	400.9912166
480	399.2335861
481	398.0612637
482	397.2355657
483	396.7483933
484	396.2751369
485	395.7128831
486	394.8577204
487	393.7900777
488	393.3856382
489	392.8586828
490	392.0986024
491	391.4522129
492	390.7809219
493	390.1587161
494	389.9655324
495	389.6001699
496	389.0874513
497	388.2193229
498	387.0150469
499	386.0801016
500	385.3854488
501	384.1237037
502	383.870572
503	383.2220622
504	382.2278413
505	381.1881603
506	380.693931
507	380.2849576
508	379.8153346
509	379.4255244
510	379.2743949
511	378.7128409
512	378.4481207
513	377.3543161
514	376.4029809
515	375.6689835
516	374.4314331
517	374.0854377
518	373.5614075
519	372.5532852
520	372.0693488
521	371.6043712
522	370.8384379
523	370.4584092
524	369.5942373
525	369.281759
526	369.0598589
527	368.6758439
528	368.3994356
529	367.8695976
530	366.9375259
531	366.2013377
532	364.7459449
533	364.1537997
534	363.9882694
535	363.6556934
536	363.2439799
537	363.1193935
538	362.5420932
539	362.3156987
540	361.9530382
541	361.8463352
542	361.725607
543	361.4680597
544	360.4885437
545	359.8171346
546	359.6075482
547	359.4628816
548	359.0158038
549	358.5658645
550	357.9371621
551	357.8385508
552	357.2336316
553	356.5441221
554	356.2203299
555	355.9642424
556	355.8944051
557	355.1027261
558	354.3244518
559	353.6737708
560	353.4920697
561	352.5734589
562	350.8347926
563	350.3016386
564	349.7093613
565	349.1310039
566	348.7724356
567	348.2975037
568	347.9540225
569	347.9129895
570	347.5578877
571	347.2032488
572	346.8958736
573	346.7323742
574	346.5737211
575	346.3421442
576	346.0157574
577	345.3457051
578	345.0694062
579	344.686469
580	344.0035596
581	343.9364318
582	343.9144147
583	343.4583893
584	342.2710888
585	341.7480445
586	341.240623
587	341.0712719
588	340.701498
589	339.9847587
590	339.3538188
591	338.8453855
592	338.7461425
593	338.5953877
594	338.1366402
595	337.7603837
596	337.5721284
597	336.9190928
598	336.4007122
599	335.6918219
600	335.2622579
601	333.8856657
602	333.5240567
603	332.7954625
604	332.3148294
605	332.0312064
606	331.3479428
607	330.6343159
608	330.1928352
609	329.7258891
610	329.3441417
611	327.9858399
612	327.6845542
613	327.3875704
614	326.1393532
615	325.8763868
616	325.3868643
617	325.0139882
618	324.5976955
619	324.212367
620	323.5520107
621	323.0727981
622	322.9711815
623	322.559341
624	322.2697645
625	321.6948382
626	320.7101383
627	320.4891833
628	319.6507206
629	319.5608067
630	318.9714971
631	318.554727
632	318.2690427
633	318.1598579
634	317.4986165
635	317.084203
636	316.9058566
637	316.7660838
638	316.6481164
639	314.9884896
640	314.4749103
641	314.0633924
642	313.5591139
643	313.3204888
644	313.2423927
645	312.7450943
646	312.2964056
647	312.1708597
648	311.5632834
649	311.4434298
650	311.3025791
651	311.1041022
652	310.5695631
653	310.1436897
654	309.9140347
655	309.655523
656	309.6186081
657	309.4444465
658	309.0694971
659	308.6304612
660	308.5513415
661	307.9607527
662	307.6804118
663	305.8382438
664	305.3066128
665	304.735351
666	304.2664116
667	303.8775246
668	303.6971917
669	302.9703276
670	302.677287
671	301.9425379
672	301.2026732
673	300.8635183
674	300.6595763
675	300.0634664
676	299.6190327
677	299.4035419
678	299.3232419
679	299.2565652
680	298.7159426
681	298.4390969
682	298.3198117
683	297.9827783
684	297.680056
685	297.557143
686	296.9300546
687	296.4248462
688	296.2481165
689	296.1372183
690	295.5077083
691	295.0556817
692	294.6655731
693	294.45874
694	294.0309838
695	293.9873746
696	293.7387218
697	293.3783357
698	293.1799366
699	292.7000706
700	291.9859657
701	291.6042383
702	291.5198306
703	290.625686
704	290.1829138
705	289.7363491
706	289.6001446
707	289.2797828
708	289.0403759
709	288.8471117
710	288.3928517
711	288.0753605
712	287.0783377
713	286.7938592
714	286.2638675
715	286.012127
716	285.3110103
717	285.1612198
718	284.471703
719	284.1174896
720	283.9917171
721	283.5455866
722	283.4215107
723	283.2296824
724	282.746038
725	282.6748766
726	282.4206639
727	281.5570216
728	280.8266442
729	280.5684946
730	280.1949907
731	279.9783566
732	279.7777077
733	279.6362542
734	279.2315147
735	279.0327499
736	278.8108287
737	278.5092364
738	278.2897494
739	277.8706724
740	277.23593
741	276.9015454
742	276.3926589
743	275.9939564
744	275.8694881
745	275.6705457
746	275.3847144
747	275.2076778
748	274.8960665
749	274.7779497
750	274.2115876
751	274.043512
752	273.7856717
753	273.7195396
754	273.4357953
755	273.2678337
756	272.9749311
757	272.7986333
758	272.0717102
759	271.8557124
760	271.6437578
761	271.3196201
762	270.8764823
763	270.5101334
764	270.2559025
765	269.9738793
766	269.566037
767	269.2560035
768	269.0625226
769	268.7188803
770	268.6308222
771	268.5630018
772	268.113229
773	267.9591967
774	267.6070714
775	266.9684827
776	266.8363127
777	266.4235551
778	266.1783204
779	265.9347275
780	265.8365877
781	265.4389689
782	265.2853116
783	264.6188157
784	264.2770576
785	263.7967307
786	263.3231759
787	262.9849816
788	262.814296
789	262.6571273
790	262.5825985
791	262.2116003
792	261.8796124
793	261.3079906
794	261.2788854
795	261.2061845
796	260.8352383
797	260.7467269
798	260.5660007
799	260.2003957
800	260.0692988
801	259.7196304
802	259.6131332
803	259.3695238
804	259.1984982
805	259.126425
806	258.4901962
807	258.2984874
808	257.6920007
809	257.3877676
810	257.134304
811	257.0032034
812	256.7852823
813	256.5728402
814	256.2963841
815	256.1844279
816	255.6481893
817	254.9896718
818	254.7391814
819	254.5689311
820	253.6965694
821	252.6957544
822	252.3129244
823	251.6072457
824	251.4044427
825	250.7697562
826	250.5119546
827	249.5578996
828	249.4017385
829	249.0828989
830	248.9770102
831	248.6583701
832	248.5088171
833	248.0221323
834	247.9723121
835	247.4674372
836	247.0412902
837	246.9533728
838	246.6456355
839	246.2559656
840	246.1506153
841	245.8281536
842	245.7314417
843	245.5421649
844	245.3666191
845	245.3270023
846	245.1076418
847	244.9231571
848	244.4240082
849	244.1175905
850	243.8905841
851	243.5926834
852	243.1992044
853	243.1194823
854	242.8563579
855	242.7089877
856	242.6223988
857	242.3963814
858	242.1057859
859	241.9441919
860	241.8501339
861	241.7795919
862	241.4794446
863	241.3815349
864	241.2636082
865	240.7211305
866	240.3674788
867	239.9661551
868	239.4958476
869	239.3955493
870	238.8014685
871	238.2605389
872	238.0846901
873	237.9832398
874	237.9395073
875	237.7931047
876	237.6070766
877	237.3758734
878	236.7233503
879	236.4833739
880	236.0342841
881	235.8823266
882	235.6777862
883	235.405759
884	235.239603
885	235.164314
886	234.7873772
887	234.3741982
888	234.1505949
889	234.0635605
890	233.943906
891	233.6383577
892	233.4492934
893	233.3734209
894	233.2087269
895	233.0913717
896	232.7624721
897	232.5717509
898	232.2886598
899	232.0312303
900	231.8115538
901	231.5453784
902	231.3736319
903	231.2924569
904	230.9885687
905	230.8442069
906	230.5739797
907	230.4283672
908	230.0797429
909	229.8966859
910	229.6859052
911	229.6302624
912	229.5902229
913	228.8383139
914	228.7339784
915	228.5611308
916	228.4416675
917	228.2379107
918	227.8406746
919	227.4658417
920	227.3952842
921	227.0401024
922	226.7158142
923	226.5922708
924	226.5120743
925	226.4380683
926	226.34534
927	226.2969505
928	226.2646116
929	226.1031813
930	226.0055524
931	225.5672576
932	225.367914
933	225.3397936
934	225.2323852
935	224.7788467
936	224.5066058
937	223.8845224
938	223.5191372
939	223.3355586
940	223.2014767
941	223.1040901
942	222.7459068
943	222.4968323
944	222.3424164
945	222.2383333
946	222.0427867
947	221.969751
948	221.6525866
949	221.4106012
950	220.8945706
951	220.7818795
952	220.6885485
953	220.3439206
954	220.0914358
955	219.8845164
956	219.8523638
957	219.6850521
958	219.3905807
959	219.0718515
960	218.9488572
961	218.6985228
962	218.4783692
963	218.3179424
964	218.2056299
965	217.9977524
966	217.9391167
967	217.7582184
968	217.7020656
969	217.5870775
970	217.3583083
971	217.2438511
972	217.1799145
973	217.0359197
974	216.9171684
975	216.6594342
976	216.3293291
977	215.9990931
978	214.9568707
979	214.8963732
980	214.6297201
981	214.3803418
982	214.1770241
983	214.1092147
984	214.048349
985	213.6533636
986	213.36249
987	213.2399056
988	212.9107153
989	212.4693856
990	212.1637348
991	212.067058
992	211.5531219
993	211.4492401
994	211.366032
995	211.1612652
996	210.7119679
997	210.5696229
998	210.4529632
999	210.3354454
1000	210.1129414
1001	209.9468292
1002	209.8162261
1003	209.7347858
1004	209.697806
1005	209.5009603
1006	209.3169685
1007	209.0225373
1008	208.9863933
1009	208.9527787
1010	208.8364471
1011	208.7868315
1012	208.3667815
1013	208.1984862
1014	207.9306964
1015	207.810905
1016	207.504177
1017	207.4741669
1018	206.2946087
1019	206.1090265
1020	206.0231472
1021	205.9068713
1022	205.8644327
1023	205.7461355
1024	205.6059911
1025	205.5813074
1026	205.5291933
1027	205.3747373
1028	205.1883476
1029	204.9342683
1030	204.8618734
1031	204.5588751
1032	204.4375431
1033	204.1549479
1034	203.920912
1035	203.5955217
1036	203.5545979
1037	203.390308
1038	203.3439922
1039	202.967534
1040	202.9429522
1041	202.8023347
1042	202.7660323
1043	202.6360533
1044	202.3683407
1045	202.2732732
1046	201.9382688
1047	201.7735654
1048	201.7354369
1049	201.618416
1050	201.5618915
1051	201.5296398
1052	201.1256058
1053	200.8617956
1054	200.7482399
1055	200.7148228
1056	200.4436901
1057	200.0692575
1058	199.9152027
1059	199.557036
1060	199.532065
1061	199.412279
1062	199.2751767
1063	199.1721464
1064	198.8791192
1065	198.5110706
1066	198.4438091
1067	197.8639041
1068	197.6255614
1069	197.2531143
1070	197.154393
1071	196.9903302
1072	196.8477797
1073	196.7250089
1074	196.5816199
1075	196.4825982
1076	196.3693214
1077	195.1770299
1078	194.7011023
1079	194.4248229
1080	194.2222141
1081	194.1180149
1082	194.0599094
1083	193.9632888
1084	193.8520342
1085	193.8264409
1086	193.7651804
1087	193.6047922
1088	193.3990581
1089	193.3077567
1090	193.1674419
1091	193.0813366
1092	192.8157371
1093	192.614655
1094	192.4441553
1095	192.0540343
1096	191.8909069
1097	191.8434702
1098	191.7029996
1099	191.6139245
1100	191.5546088
1101	191.4628448
1102	191.296573
1103	190.7065532
1104	190.5948164
1105	190.4704253
1106	190.3276155
1107	190.2264349
1108	190.0269636
1109	189.806799
1110	189.638467
1111	189.4936559
1112	189.3472635
1113	189.3134567
1114	189.1985654
1115	188.323174
1116	188.1918836
1117	188.0470309
1118	187.8657107
1119	187.8583493
1120	187.7991658
1121	187.5969325
1122	187.4589168
1123	187.4254921
1124	187.3248694
1125	187.0432844
1126	186.9969963
1127	186.9128629
1128	186.8820035
1129	186.3983507
1130	186.3063594
1131	186.2106391
1132	186.0555145
1133	185.786326
1134	185.7348014
1135	185.5056715
1136	185.3101689
1137	184.6047618
1138	184.3318828
1139	184.2659035
1140	184.187111
1141	184.0479722
1142	183.7983671
1143	183.6604505
1144	183.613028
1145	183.295911
1146	183.1773488
1147	183.1063185
1148	182.932009
1149	182.8813195
1150	182.6932705
1151	182.5587017
1152	182.3588519
1153	182.2847792
1154	182.0252459
1155	181.7977214
1156	181.7456977
1157	181.5449079
1158	181.5177457
1159	181.425277
1160	181.2041677
1161	181.1409929
1162	181.0112776
1163	180.9982723
1164	180.7888354
1165	180.7202245
1166	180.6479913
1167	180.3221486
1168	180.2572285
1169	179.943046
1170	179.8647709
1171	179.8168322
1172	179.014935
1173	178.8794686
1174	178.5835094
1175	178.349892
1176	178.2503266
1177	178.1941288
1178	177.9688213
1179	177.9385261
1180	177.8420481
1181	177.771054
1182	177.6778183
1183	177.5590048
1184	176.9871997
1185	176.7534081
1186	176.6299341
1187	176.5788073
1188	176.501243
1189	176.4677372
1190	176.1976817
1191	176.1112206
1192	175.9982122
1193	175.9049602
1194	175.8581695
1195	175.8046087
1196	175.6296072
1197	175.5762073
1198	175.5205371
1199	175.4708561
1200	175.3566205
1201	175.3405283
1202	174.9695639
1203	174.9057116
1204	174.8586322
1205	174.8043764
1206	174.728389
1207	174.6804322
1208	174.6505151
1209	174.5223318
1210	174.304268
1211	174.2547112
1212	174.1357443
1213	173.9917962
1214	173.9502292
1215	173.7830033
1216	173.394641
1217	173.1894672
1218	172.7812569
1219	172.5971671
1220	172.4280029
1221	171.4900756
1222	171.396564
1223	171.0656543
1224	171.0155464
1225	170.9326494
1226	170.9161642
1227	170.6108537
1228	170.5065742
1229	170.445694
1230	170.3292115
1231	170.2378867
1232	169.9649905
1233	169.926442
1234	169.7201022
1235	169.6730834
1236	169.5515319
1237	169.211819
1238	168.7582861
1239	168.6108159
1240	168.308351
1241	168.2988045
1242	168.2364873
1243	168.204095
1244	168.1652663
1245	168.1284448
1246	168.1060252
1247	167.9435338
1248	167.7011213
1249	167.5969079
1250	167.2988788
1251	167.2340643
1252	166.9842666
1253	166.7722187
1254	166.2938633
1255	166.2509798
1256	166.188435
1257	166.0852399
1258	165.900372
1259	165.8739629
1260	165.810679
1261	165.7837026
1262	165.4087847
1263	165.3686149
1264	165.2953725
1265	165.0490265
1266	164.1881491
1267	164.1282184
1268	163.5953112
1269	163.5133738
1270	163.4681945
1271	163.3754749
1272	163.2773203
1273	163.2281796
1274	163.079453
1275	163.04565
1276	162.9513208
1277	162.6117088
1278	162.4926959
1279	162.3855956
1280	162.3487136
1281	162.2018794
1282	162.1877868
1283	162.1267703
1284	161.8411635
1285	161.6901179
1286	161.644685
1287	161.5973368
1288	161.5587302
1289	161.5245488
1290	161.4478817
1291	161.3578017
1292	161.2624022
1293	161.2229784
1294	160.9487499
1295	160.8472727
1296	160.7623086
1297	160.6124923
1298	160.5564638
1299	160.4458149
1300	160.2836489
1301	160.0580387
1302	160.0451946
1303	159.9195919
1304	159.8493981
1305	159.73123
1306	159.6889705
1307	159.6150005
1308	159.5096639
1309	159.3308716
1310	159.2436973
1311	159.0565
1312	159.0177873
1313	158.9090091
1314	158.6626281
1315	158.5534494
1316	158.4364586
1317	158.3164747
1318	158.2642958
1319	158.2254111
1320	158.1630412
1321	158.1524858
1322	158.1404497
1323	158.0819798
1324	158.0537365
1325	158.0462845
1326	157.7770459
1327	157.628619
1328	157.6117376
1329	157.4127465
1330	157.2996389
1331	157.2875057
1332	157.0658669
1333	156.9459979
1334	156.9376757
1335	156.9161366
1336	156.8644493
1337	156.7887915
1338	156.6474954
1339	156.5588526
1340	156.5444286
1341	156.3650936
1342	156.3411957
1343	156.0227623
1344	155.9009059
1345	155.8203717
1346	155.8020382
1347	155.5745639
1348	155.4911888
1349	154.9346745
1350	154.9000558
1351	154.8541623
1352	154.6686741
1353	154.6353183
1354	154.5483179
1355	154.2959554
1356	154.2307253
1357	154.1777011
1358	154.1498199
1359	154.1237868
1360	154.0760443
1361	154.0519541
1362	153.8258782
1363	153.7791113
1364	153.6822317
1365	153.6748256
1366	153.5779965
1367	153.3016135
1368	153.2362108
1369	153.2190693
1370	153.1448298
1371	153.0899796
1372	153.0681689
1373	153.0363054
1374	152.8902577
1375	152.8719341
1376	152.8065938
1377	152.7303655
1378	152.6927416
1379	152.6711787
1380	152.6017324
1381	152.5807771
1382	152.5371947
1383	152.4901527
1384	152.4276657
1385	152.423009
1386	152.4137741
1387	152.4001447
1388	152.3752724
1389	152.3596033
1390	152.3323502
1391	152.3100151
1392	152.250826
1393	152.1371576
1394	152.1318756
1395	152.0593914
1396	152.0173675
1397	151.9726555
1398	151.9495886
1399	151.8562439
1400	151.7631075
1401	151.7424603
1402	151.6936703
1403	151.667927
1404	151.6165851
1405	151.611355
1406	151.5101061
1407	151.4147233
1408	151.3411823
1409	151.3086987
1410	151.2462701
1411	151.1994274
1412	151.0997441
1413	150.9953123
1414	150.9517691
1415	150.7707078
1416	150.7160714
1417	150.3178381
1418	150.2396381
1419	149.9490446
1420	149.8772837
1421	149.8355985
1422	149.7914344
1423	149.7774078
1424	149.7320531
1425	149.6867721
1426	149.637573
1427	149.6163657
1428	149.5941507
1429	149.555599
1430	149.4152651
1431	149.3534358
1432	149.3354857
1433	149.2945861
1434	149.1528619
1435	149.0808882
1436	149.0001282
1437	148.9695594
1438	148.5135137
1439	148.4926203
1440	148.4079483
1441	148.3153751
1442	148.256953
1443	148.2336537
1444	147.9083617
1445	147.8737487
1446	147.8403233
1447	147.5849428
1448	147.5458846
1449	147.3876558
1450	147.3592492
1451	147.2001339
1452	147.0938327
1453	146.8817262
1454	146.8509354
1455	146.7045569
1456	146.1275256
1457	146.0488188
1458	146.008146
1459	145.9431971
1460	145.9240754
1461	145.8896203
1462	145.7468597
1463	145.7255303
1464	145.5642363
1465	145.5223802
1466	145.4472953
1467	145.3726561
1468	145.3252931
1469	145.2965636
1470	145.2478545
1471	145.0548225
1472	145.0326106
1473	145.0113748
1474	144.9739081
1475	144.9616603
1476	144.8478303
1477	144.8178223
1478	144.7967793
1479	144.7232401
1480	144.6625109
1481	144.5129666
1482	144.3281467
1483	144.3168568
1484	144.1755999
1485	144.0201546
1486	143.9488201
1487	143.6927242
1488	143.592069
1489	143.5093704
1490	143.4818516
1491	143.3074824
1492	142.993799
1493	142.9566735
1494	142.9041495
1495	142.8621787
1496	142.698793
1497	142.6860278
1498	142.6440336
1499	142.599526
1500	142.4300547
1501	142.3996899
1502	142.3506225
1503	142.3286597
1504	142.2306077
1505	142.1498543
1506	142.1196552
1507	142.108714
1508	142.0030907
1509	141.9463053
1510	141.912298
1511	141.8870665
1512	141.8786308
1513	141.8558075
1514	141.8353093
1515	141.716406
1516	141.638631
1517	141.60233
1518	141.5778428
1519	141.331268
1520	141.2978723
1521	141.1984641
1522	141.1580891
1523	141.1286316
1524	140.7930462
1525	140.596471
1526	140.526854
1527	140.422284
1528	140.3884992
1529	140.2904915
1530	140.2444298
1531	140.1498089
1532	140.0884419
1533	140.0149613
1534	139.9165688
1535	139.9128204
1536	139.8240343
1537	139.8209292
1538	139.7342027
1539	139.7114131
1540	139.6771055
1541	139.662734
1542	139.5038549
1543	139.4707749
1544	139.3363408
1545	139.2968032
1546	139.2029346
1547	139.1621397
1548	138.8849082
1549	138.7456723
1550	138.6586374
1551	138.625939
1552	138.6114925
1553	138.5985555
1554	138.5825864
1555	138.5752461
1556	138.5389384
1557	138.5283399
1558	138.4817542
1559	138.4039319
1560	138.3358077
1561	138.3188199
1562	138.3021543
1563	138.2859007
1564	138.2494701
1565	138.1467601
1566	138.0029465
1567	137.9932245
1568	137.8688979
1569	137.5797606
1570	137.5049681
1571	137.4583166
1572	137.3174286
1573	137.2500456
1574	137.221491
1575	137.1085573
1576	137.0534114
1577	137.026301
1578	136.9449617
1579	136.8383183
1580	136.8295902
1581	136.8047619
1582	136.7240298
1583	136.6155301
1584	136.2241804
1585	136.1159121
1586	135.9291937
1587	135.8983897
1588	135.7445371
1589	135.7025266
1590	135.3936164
1591	135.3848922
1592	135.3654073
1593	135.3220479
1594	135.3086403
1595	135.1579379
1596	135.1249402
1597	135.0882904
1598	135.032961
1599	134.9643018
1600	134.8794361
1601	134.8717238
1602	134.7135907
1603	134.7064435
1604	134.6760096
1605	134.6105863
1606	134.583623
1607	134.5714621
1608	134.554826
1609	134.4871569
1610	134.308934
1611	134.2476457
1612	134.1346699
1613	134.0761102
1614	134.0608212
1615	133.9401304
1616	133.9210011
1617	133.8918524
1618	133.8610991
1619	133.7472002
1620	133.722035
1621	133.6625582
1622	133.6490441
1623	133.5739099
1624	133.5637153
1625	133.4541783
1626	133.2411309
1627	133.1264437
1628	133.0930009
1629	133.0157429
1630	132.9622372
1631	132.8879587
1632	132.8480011
1633	132.8374663
1634	132.7113528
1635	132.6989159
1636	132.0596552
1637	132.0016659
1638	131.9880388
1639	131.9366903
1640	131.8013728
1641	131.7433079
1642	131.4523353
1643	131.4263222
1644	131.3911214
1645	131.2638376
1646	131.1843111
1647	131.1615017
1648	131.0594083
1649	131.016873
1650	131.0019219
1651	130.9859066
1652	130.817562
1653	130.7392913
1654	130.5347026
1655	130.4800641
1656	130.4672561
1657	130.4622614
1658	130.440985
1659	130.4279687
1660	130.38366
1661	130.3538877
1662	130.3392774
1663	130.1930863
1664	130.1381591
1665	130.0666827
1666	129.9763714
1667	129.8697282
1668	129.8349854
1669	129.5771531
1670	129.5654881
1671	129.5548437
1672	129.5338698
1673	129.4893742
1674	129.4144617
1675	129.2785974
1676	129.2647833
1677	129.23771
1678	129.2220627
1679	129.21497
1680	129.1806553
1681	129.1662796
1682	129.1518904
1683	129.1299871
1684	129.0417352
1685	129.0235599
1686	129.0123112
1687	129.004016
1688	128.8009846
1689	128.7324539
1690	128.7184693
1691	128.5208149
1692	128.2467136
1693	128.2018642
1694	128.1972149
1695	128.0459798
1696	128.0235855
1697	128.0085734
1698	127.9887747
1699	127.9209675
1700	127.8934995
1701	127.8699078
1702	127.8646416
1703	127.6103588
1704	127.5979571
1705	127.4843296
1706	127.4552772
1707	127.2532893
1708	127.1798764
1709	127.0832715
1710	127.0645752
1711	127.02618
1712	126.9027223
1713	126.8839629
1714	126.8319385
1715	126.8124098
1716	126.8081539
1717	126.7778296
1718	126.4353159
1719	126.4302576
1720	126.4237948
1721	126.2311032
1722	126.2010091
1723	126.1848878
1724	126.1486485
1725	126.0948984
1726	126.0658513
1727	126.0251747
1728	125.9977295
1729	125.9542305
1730	125.9271522
1731	125.7934614
1732	125.7635386
1733	125.7403226
1734	125.6752906
1735	125.6675566
1736	125.6555889
1737	125.6084571
1738	125.4458993
1739	125.4318644
1740	125.4167282
1741	125.4075361
1742	125.3649104
1743	125.2997424
1744	125.2365174
1745	125.2069052
1746	125.0565837
1747	124.8504338
1748	124.5330596
1749	124.3911107
1750	124.1820324
1751	124.141473
1752	124.1342132
1753	123.799501
1754	123.7372336
1755	123.7063687
1756	123.6935514
1757	123.6076972
1758	123.5154491
1759	123.5058443
1760	123.4787365
1761	123.4560675
1762	123.421462
1763	123.3511006
1764	123.2535624
1765	123.0136068
1766	122.9542517
1767	122.8883501
1768	122.8514
1769	122.6911098
1770	122.6327687
1771	122.5467443
1772	122.3894485
1773	122.2396369
1774	122.1999704
1775	122.180802
1776	122.1427031
1777	121.9736422
1778	121.9068739
1779	121.8193264
1780	121.7816699
1781	121.7670194
1782	121.7533746
1783	121.6937758
1784	121.6876546
1785	121.6189374
1786	121.6108493
1787	121.5899449
1788	121.4848436
1789	121.4370781
1790	121.422732
1791	121.4115356
1792	121.3871949
1793	121.3772679
1794	121.363668
1795	121.2759159
1796	121.2388166
1797	121.2167695
1798	121.1425234
1799	121.0808173
1800	120.9392053
1801	120.9167705
1802	120.9105315
1803	120.8543516
1804	120.8420335
1805	120.7627877
1806	120.674051
1807	120.6247765
1808	120.6134515
1809	120.4852876
1810	120.3792854
1811	120.3761263
1812	120.3038192
1813	120.2772433
1814	120.2727025
1815	120.1916192
1816	120.0692775
1817	120.0296673
1818	120.0002189
1819	119.9101472
1820	119.8450109
1821	119.79594
1822	119.531971
1823	119.452231
1824	119.2669577
1825	119.2455084
1826	119.2080325
1827	119.1808559
1828	119.1737594
1829	119.0892829
1830	119.0702568
1831	118.9582298
1832	118.9302182
1833	118.9221884
1834	118.6601
1835	118.6405696
1836	118.6354437
1837	118.5904267
1838	118.5703826
1839	118.5647641
1840	118.53384
1841	118.526624
1842	118.4383459
1843	118.4317614
1844	118.3798018
1845	118.2817554
1846	118.1904453
1847	118.1537332
1848	118.1229106
1849	118.0881301
1850	118.0423486
1851	117.9680342
1852	117.9321712
1853	117.861909
1854	117.8415913
1855	117.7734746
1856	117.7495581
1857	117.7442086
1858	117.7282252
1859	117.6832026
1860	117.6611595
1861	117.6201071
1862	117.5610565
1863	117.5488203
1864	117.4842315
1865	117.4669924
1866	117.4223646
1867	117.1703535
1868	117.135122
1869	116.9304972
1870	116.8358083
1871	116.6329472
1872	116.6227317
1873	116.494502
1874	116.4748553
1875	116.4104204
1876	116.4014214
1877	116.2573441
1878	116.2083894
1879	116.140416
1880	116.0464802
1881	115.9188687
1882	115.8981143
1883	115.8937367
1884	115.8523815
1885	115.7593148
1886	115.7421207
1887	115.710582
1888	115.7002398
1889	115.585202
1890	115.5512025
1891	115.5442506
1892	115.4857218
1893	115.4767648
1894	115.4643253
1895	115.35643
1896	115.2746257
1897	115.1977206
1898	114.9236744
1899	114.893641
1900	114.7362956
1901	114.6700979
1902	114.6670965
1903	114.6589812
1904	114.6472525
1905	114.6339273
1906	114.6215566
1907	114.555396
1908	114.4318942
1909	114.4138416
1910	114.2936875
1911	114.2810456
1912	114.2061399
1913	114.1581097
1914	114.0757592
1915	114.0083818
1916	113.9931228
1917	113.9509851
1918	113.9271601
1919	113.9242765
1920	113.8822126
1921	113.793748
1922	113.7737051
1923	113.7529686
1924	113.5837613
1925	113.5299412
1926	113.5248503
1927	113.5025723
1928	113.421344
1929	113.4015172
1930	113.3542609
1931	113.3027162
1932	113.2678206
1933	113.2574171
1934	113.2420833
1935	113.231505
1936	112.9920406
1937	112.9749306
1938	112.9137963
1939	112.8814191
1940	112.8468127
1941	112.8369418
1942	112.786211
1943	112.7543693
1944	112.7294305
1945	112.6323761
1946	112.6210127
1947	112.583487
1948	112.4928927
1949	112.428565
1950	112.4099887
1951	112.3986558
1952	112.1962708
1953	112.1506426
1954	112.146283
1955	112.1422878
1956	112.1222412
1957	112.074242
1958	112.0279901
1959	112.0235458
1960	112.0185932
1961	112.0001415
1962	111.9856314
1963	111.9499861
1964	111.9040091
1965	111.8745147
1966	111.8686605
1967	111.8356895
1968	111.8193349
1969	111.7913749
1970	111.6859384
1971	111.6732231
1972	111.662487
1973	111.6376856
1974	111.6173449
1975	111.5913734
1976	111.5564794
1977	111.5165481
1978	111.5060665
1979	111.489953
1980	111.4795146
1981	111.462247
1982	111.4398372
1983	111.4029764
1984	111.3359469
1985	111.3221293
1986	111.3092274
1987	111.2928286
1988	111.1552436
1989	111.1308984
1990	111.0663697
1991	110.9891968
1992	110.984449
1993	110.9759123
1994	110.9550194
1995	110.9194772
1996	110.7700323
1997	110.7629302
1998	110.7510614
1999	110.7255341
2000	110.6333598
2001	110.6210371
2002	110.604036
2003	110.6004555
2004	110.5231017
2005	110.4945021
2006	110.4515888
2007	110.4440567
2008	110.3476615
2009	110.3056988
2010	110.2651921
2011	110.2328822
2012	110.2267931
2013	110.2010317
2014	110.1575557
2015	110.1161775
2016	110.013889
2017	109.9881246
2018	109.9843532
2019	109.8285559
2020	109.6835311
2021	109.6538013
2022	109.5011129
2023	109.4777052
2024	109.4572117
2025	109.4260911
2026	109.3752298
2027	109.3376213
2028	109.3018585
2029	109.2836233
2030	109.2784028
2031	109.1970861
2032	109.1837997
2033	109.1365946
2034	109.1166453
2035	109.1000419
2036	109.0441496
2037	109.0254095
2038	109.006201
2039	109.0033876
2040	108.9948082
2041	108.9068826
2042	108.8379365
2043	108.7169573
2044	108.6803912
2045	108.6684628
2046	108.6570827
2047	108.6348521
2048	108.4785281
2049	108.4532623
2050	108.424828
2051	108.2928755
2052	108.2113912
2053	108.1880336
2054	108.1574356
2055	108.1386859
2056	108.08425
2057	108.0181367
2058	108.0133541
2059	107.9848443
2060	107.9578496
2061	107.9297461
2062	107.8941094
2063	107.7652604
2064	107.6459466
2065	107.6336829
2066	107.6153278
2067	107.5819708
2068	107.559486
2069	107.5361301
2070	107.431661
2071	107.4160769
2072	107.410399
2073	107.4044855
2074	107.3760918
2075	107.3382107
2076	107.2218278
2077	107.1518442
2078	107.1214523
2079	107.1105598
2080	106.9662077
2081	106.8741809
2082	106.8627166
2083	106.8143999
2084	106.7873578
2085	106.7707955
2086	106.720081
2087	106.6900233
2088	106.6631998
2089	106.6478875
2090	106.6060924
2091	106.5258234
2092	106.4010365
2093	106.3413856
2094	106.2464658
2095	106.1648644
2096	106.1571214
2097	106.1357656
2098	106.1280718
2099	106.1042486
2100	106.0936825
2101	106.0799522
2102	106.046264
2103	105.9989665
2104	105.9896176
2105	105.8983614
2106	105.8391524
2107	105.7821963
2108	105.7775711
2109	105.7665107
2110	105.7401271
2111	105.7127866
2112	105.6855817
2113	105.5327102
2114	105.5226355
2115	105.4907166
2116	105.4675764
2117	105.4636008
2118	105.4313294
2119	105.3855586
2120	105.3071608
2121	105.2894257
2122	105.2820628
2123	105.2514729
2124	105.2327849
2125	105.1674301
2126	105.147743
2127	105.1361217
2128	105.1286091
2129	105.1023477
2130	105.0907453
2131	105.0205658
2132	104.9320401
2133	104.9262098
2134	104.7879449
2135	104.7328804
2136	104.6514772
2137	104.5934085
2138	104.5076638
2139	104.4311447
2140	104.3565374
2141	104.3054039
2142	104.1691297
2143	104.1293804
2144	104.1223833
2145	104.1040401
2146	104.054781
2147	104.0481471
2148	104.0275259
2149	104.0235222
2150	103.9779958
2151	103.9293267
2152	103.8721116
2153	103.8648409
2154	103.8360941
2155	103.8309351
2156	103.7749006
2157	103.7494153
2158	103.723841
2159	103.6943958
2160	103.5914771
2161	103.5718855
2162	103.512242
2163	103.4925479
2164	103.4393399
2165	103.4169039
2166	103.4073626
2167	103.3739365
2168	103.2811881
2169	103.2733662
2170	103.2688741
2171	103.2534129
2172	103.2186797
2173	103.1670593
2174	103.1483997
2175	103.1269206
2176	103.004495
2177	102.9945354
2178	102.989074
2179	102.9657652
2180	102.9512757
2181	102.9411535
2182	102.7784465
2183	102.7710915
2184	102.7514279
2185	102.7427727
2186	102.6921087
2187	102.6828915
2188	102.6052106
2189	102.5844946
2190	102.5800954
2191	102.553747
2192	102.5278269
2193	102.4421176
2194	102.3949051
2195	102.3906501
2196	102.3481396
2197	102.3380888
2198	102.3051573
2199	102.2455445
2200	102.1134754
2201	102.0566573
2202	101.7861785
2203	101.7258109
2204	101.7215645
2205	101.7193686
2206	101.6639743
2207	101.6189684
2208	101.6119104
2209	101.6102422
2210	101.5960266
2211	101.5799304
2212	101.5751519
2213	101.5441516
2214	101.4151847
2215	101.4093531
2216	101.2836069
2217	101.2692798
2218	101.2152352
2219	101.1845352
2220	101.1739217
2221	101.1446654
2222	101.0683933
2223	101.0461745
2224	101.0345232
2225	101.004525
2226	100.9973017
2227	100.9655202
2228	100.8457974
2229	100.8379344
2230	100.8021632
2231	100.7217806
2232	100.6010266
2233	100.5625124
2234	100.5301957
2235	100.5147573
2236	100.4413252
2237	100.3449654
2238	100.3178143
2239	100.3024452
2240	100.222946
2241	100.2031317
2242	100.1641511
2243	100.1600785
2244	100.153322
2245	100.0007838
2246	99.99428749
2247	99.99060171
2248	99.9888413
2249	99.97054302
2250	99.91439833
2251	99.90899324
2252	99.85289708
2253	99.83146942
2254	99.79096713
2255	99.77687646
2256	99.77249448
2257	99.74222184
2258	99.73092645
2259	99.70945858
2260	99.68592882
2261	99.59092059
2262	99.58881596
2263	99.55718207
2264	99.5163897
2265	99.47603501
2266	99.38565106
2267	99.37597761
2268	99.33462109
2269	99.32648935
2270	99.29804482
2271	99.28641403
2272	99.26018528
2273	99.22789939
2274	99.19749041
2275	99.17392239
2276	99.11784389
2277	99.10303891
2278	99.0663152
2279	99.05990647
2280	98.95911748
2281	98.92902585
2282	98.91102954
2283	98.80518438
2284	98.79801941
2285	98.75481638
2286	98.72338559
2287	98.71665577
2288	98.62733747
2289	98.61940118
2290	98.60820977
2291	98.53381297
2292	98.53133453
2293	98.52426262
2294	98.51335031
2295	98.50540751
2296	98.46882646
2297	98.41965183
2298	98.40018056
2299	98.27287671
2300	98.2351059
2301	98.16101292
2302	98.08590882
2303	98.07526862
2304	98.06939958
2305	98.03669251
2306	98.02360606
2307	97.93272007
2308	97.8863202
2309	97.8172776
2310	97.79820224
2311	97.78811314
2312	97.78373242
2313	97.78131495
2314	97.75699962
2315	97.69998154
2316	97.68144775
2317	97.61024787
2318	97.58558938
2319	97.56651785
2320	97.54727054
2321	97.54446113
2322	97.36689244
2323	96.80645719
2324	96.80287718
2325	96.79346222
2326	96.62735783
2327	96.61496719
2328	96.61102385
2329	96.60063427
2330	96.56530878
2331	96.54789299
2332	96.45031852
2333	96.44471698
2334	96.41339917
2335	96.40581111
2336	96.39839973
2337	96.33138005
2338	96.29912529
2339	96.27340449
2340	96.26565213
2341	96.20328745
2342	96.19719795
2343	96.13347196
2344	96.12588895
2345	96.08019264
2346	96.06746966
2347	96.05931289
2348	95.94752158
2349	95.85092199
2350	95.81009906
2351	95.79354453
2352	95.78027538
2353	95.72942038
2354	95.68316142
2355	95.67977485
2356	95.67264305
2357	95.64439125
2358	95.63918039
2359	95.59970189
2360	95.59790569
2361	95.53725455
2362	95.52318988
2363	95.44484239
2364	95.43347181
2365	95.39549085
2366	95.3856136
2367	95.34642858
2368	95.32564021
2369	95.29597413
2370	95.27423009
2371	95.2564924
2372	95.25048522
2373	95.24234646
2374	95.23415049
2375	95.02966685
2376	95.02264308
2377	95.01720064
2378	94.99874861
2379	94.95368602
2380	94.93827663
2381	94.92075805
2382	94.90788207
2383	94.90632762
2384	94.90204521
2385	94.86864177
2386	94.86359671
2387	94.83551932
2388	94.82484436
2389	94.73305258
2390	94.68611519
2391	94.68200905
2392	94.67959033
2393	94.60778258
2394	94.58423837
2395	94.56473538
2396	94.54536258
2397	94.5032277
2398	94.45583389
2399	94.44551306
2400	94.43820612
2401	94.43321657
2402	94.42998726
2403	94.42504379
2404	94.37162979
2405	94.36834378
2406	94.32191329
2407	94.31351088
2408	94.27174505
2409	94.269379
2410	94.21538667
2411	94.18444805
2412	94.16912755
2413	94.16579994
2414	94.14696282
2415	94.08535474
2416	94.0787779
2417	94.04937021
2418	94.02487951
2419	94.01216846
2420	93.98763779
2421	93.95333995
2422	93.93616851
2423	93.93378901
2424	93.87198406
2425	93.8551853
2426	93.83943611
2427	93.82164646
2428	93.77140873
2429	93.75550751
2430	93.71978291
2431	93.71184004
2432	93.70047335
2433	93.69062265
2434	93.68404377
2435	93.67639755
2436	93.28243897
2437	93.25779187
2438	93.18989612
2439	93.17825954
2440	93.15004629
2441	93.12510975
2442	93.11526396
2443	93.07100406
2444	93.02001657
2445	93.00798594
2446	92.94773754
2447	92.94272047
2448	92.92883808
2449	92.85908859
2450	92.82167671
2451	92.8177186
2452	92.75955098
2453	92.73454747
2454	92.72139941
2455	92.69595202
2456	92.67444729
2457	92.63172604
2458	92.62109575
2459	92.61913696
2460	92.618513
2461	92.504341
2462	92.4315103
2463	92.42010168
2464	92.30477888
2465	92.30279731
2466	92.00940022
2467	91.98893492
2468	91.96967398
2469	91.95996874
2470	91.95061213
2471	91.94324743
2472	91.89954047
2473	91.89267289
2474	91.86382547
2475	91.78108732
2476	91.75850255
2477	91.70745124
2478	91.67245528
2479	91.66551759
2480	91.64084767
2481	91.59653705
2482	91.58899153
2483	91.57455897
2484	91.55087988
2485	91.52212403
2486	91.45539624
2487	91.43514621
2488	91.42737495
2489	91.42369027
2490	91.40333787
2491	91.3927355
2492	91.34700563
2493	91.32966925
2494	91.30633175
2495	91.26775773
2496	91.26676991
2497	91.25702323
2498	91.22098459
2499	91.21009953
2500	91.196332
2501	91.1906594
2502	91.17490966
2503	91.1653958
2504	91.15351817
2505	91.12640079
2506	91.0938166
2507	91.08983167
2508	91.07389557
2509	91.05832887
2510	90.93481915
2511	90.9156487
2512	90.90914178
2513	90.86034625
2514	90.79309526
2515	90.77727302
2516	90.76884696
2517	90.75620518
2518	90.64456968
2519	90.63583962
2520	90.5045017
2521	90.37894056
2522	90.37739321
2523	90.25780147
2524	90.2569654
2525	90.21072662
2526	90.13189127
2527	90.08848357
2528	90.07136176
2529	90.01391389
2530	89.99476196
2531	89.99165054
2532	89.96991314
2533	89.9640471
2534	89.94707328
2535	89.72974498
2536	89.71496904
2537	89.69245619
2538	89.65576689
2539	89.6333331
2540	89.62982363
2541	89.5834609
2542	89.53833516
2543	89.51828214
2544	89.46028674
2545	89.45743692
2546	89.41663662
2547	89.3580283
2548	89.34146962
2549	89.27834163
2550	88.98255136
2551	88.96906911
2552	88.95458583
2553	88.91824132
2554	88.90252733
2555	88.89014365
2556	88.87227818
2557	88.84929128
2558	88.81975488
2559	88.79057867
2560	88.76822596
2561	88.74896858
2562	88.74089349
2563	88.73012369
2564	88.67728936
2565	88.65986261
2566	88.65409679
2567	88.63290673
2568	88.60419079
2569	88.58086866
2570	88.55309807
2571	88.53818091
2572	88.52441081
2573	88.50734074
2574	88.4832034
2575	88.39997286
2576	88.37397892
2577	88.30572253
2578	88.0383629
2579	88.02690979
2580	87.94659893
2581	87.94178483
2582	87.92393945
2583	87.9199973
2584	87.91521331
2585	87.90274071
2586	87.85557066
2587	87.81256794
2588	87.8006817
2589	87.75132616
2590	87.75016704
2591	87.7434494
2592	87.72978768
2593	87.70667043
2594	87.68276606
2595	87.68033869
2596	87.66564736
2597	87.62376883
2598	87.61037812
2599	87.59155652
2600	87.58685095
2601	87.58361619
2602	87.58187734
2603	87.55940303
2604	87.53846343
2605	87.52760854
2606	87.44837317
2607	87.40239843
2608	87.38433406
2609	87.17958043
2610	87.16449707
2611	87.15527341
2612	87.13965781
2613	87.13200159
2614	87.12783597
2615	87.11601896
2616	87.10573892
2617	87.07286693
2618	87.06699477
2619	87.06059374
2620	87.05034915
2621	87.04388097
2622	86.79186025
2623	86.78586432
2624	86.72246218
2625	86.64473085
2626	86.4645577
2627	86.41662111
2628	86.40363839
2629	86.39492301
2630	86.34033041
2631	86.32934185
2632	86.2739209
2633	86.26067604
2634	86.25423042
2635	86.22135721
2636	86.1570694
2637	86.12056564
2638	86.08375184
2639	86.07768946
2640	86.0670105
2641	86.0002657
2642	85.99318723
2643	85.98436863
2644	85.97703477
2645	85.86803217
2646	85.84778417
2647	85.78129988
2648	85.76953274
2649	85.75466264
2650	85.7263673
2651	85.72105557
2652	85.68195523
2653	85.67417808
2654	85.66567804
2655	85.64487024
2656	85.58114359
2657	85.56594451
2658	85.53829115
2659	85.42928273
2660	85.38453296
2661	85.37887902
2662	85.36959673
2663	85.29642239
2664	85.28987855
2665	85.23251847
2666	85.19129359
2667	85.18313473
2668	85.1813367
2669	85.17001475
2670	85.16452544
2671	85.15389934
2672	85.12414447
2673	85.03433458
2674	85.01454071
2675	84.96728403
2676	84.93555012
2677	84.92369169
2678	84.92035633
2679	84.91733047
2680	84.90119998
2681	84.58280288
2682	84.54712014
2683	84.54135466
2684	84.51613104
2685	84.49253753
2686	84.48706743
2687	84.46450942
2688	84.45533637
2689	84.44550577
2690	84.38773991
2691	84.38192138
2692	84.3401516
2693	84.32462044
2694	84.31917193
2695	84.31255232
2696	84.30355975
2697	84.29949294
2698	84.27633868
2699	84.24399055
2700	84.24181996
2701	84.07604747
2702	84.02250097
2703	83.96660478
2704	83.94055391
2705	83.852362
2706	83.84406733
2707	83.7857712
2708	83.7670245
2709	83.73353551
2710	83.71863848
2711	83.71233835
2712	83.69762633
2713	83.67168585
2714	83.63131844
2715	83.55182593
2716	83.54695989
2717	83.54203182
2718	83.53753577
2719	83.47626969
2720	83.46180001
2721	83.45733735
2722	83.39425677
2723	83.33208965
2724	83.32807228
2725	83.24085227
2726	83.19401556
2727	83.18175787
2728	83.17223524
2729	83.07680896
2730	83.03382637
2731	82.99877391
2732	82.96302583
2733	82.95245574
2734	82.89188577
2735	82.8530549
2736	82.84258239
2737	82.81725405
2738	82.78407156
2739	82.7734838
2740	82.77125753
2741	82.76217066
2742	82.72225584
2743	82.69205912
2744	82.65630009
2745	82.641538
2746	82.62596008
2747	82.59557167
2748	82.59074584
2749	82.54443243
2750	82.02074371
2751	82.00932704
2752	81.98817035
2753	81.96546983
2754	81.92046536
2755	81.91214811
2756	81.90938557
2757	81.85234589
2758	81.80711899
2759	81.64824405
2760	81.59726095
2761	81.50342693
2762	81.49713909
2763	81.45719239
2764	81.45137275
2765	81.41846459
2766	80.97129302
2767	80.96811658
2768	80.95883436
2769	80.95119774
2770	80.92492902
2771	80.9156495
2772	80.87830379
2773	80.86638612
2774	80.8235217
2775	80.80784442
2776	80.74630484
2777	80.73305976
2778	80.72702127
2779	80.70937351
2780	80.70620808
2781	80.66055614
2782	80.62857297
2783	80.58610433
2784	80.51393219
2785	80.49313749
2786	80.4881083
2787	80.48231386
2788	80.45396557
2789	80.40922868
2790	80.16595581
2791	80.12319228
2792	80.11974706
2793	80.11060097
2794	80.10174496
2795	80.08368744
2796	80.04496945
2797	80.03611486
2798	80.0248489
2799	80.00616951
2800	79.99321693
2801	79.98487936
2802	79.9615207
2803	79.86536695
2804	79.86140014
2805	79.8301173
2806	79.8181834
2807	79.8082482
2808	79.77928988
2809	79.77243084
2810	79.71926501
2811	79.65202444
2812	79.61832891
2813	79.60949338
2814	79.57868102
2815	79.55212896
2816	79.54136425
2817	79.53861593
2818	79.49990794
2819	79.46417065
2820	79.45766324
2821	79.45319101
2822	79.45089244
2823	79.43566239
2824	79.43125951
2825	79.42612706
2826	79.38675391
2827	79.38239344
2828	79.36540911
2829	79.32348014
2830	79.28614205
2831	79.10369503
2832	79.099443
2833	79.07990788
2834	78.7625419
2835	78.75558022
2836	78.75003456
2837	78.74263454
2838	78.66662831
2839	78.62916943
2840	78.59254733
2841	78.59078089
2842	78.57644505
2843	78.56661894
2844	78.5632803
2845	78.54102921
2846	78.53670691
2847	78.52736148
2848	78.51959312
2849	78.49675589
2850	78.48106585
2851	78.47376003
2852	78.45647483
2853	78.39925954
2854	78.36648934
2855	78.34727568
2856	78.34085116
2857	78.31911689
2858	78.31154002
2859	78.26838674
2860	78.14863955
2861	78.14551329
2862	78.08801952
2863	78.07905843
2864	78.06991065
2865	77.9112348
2866	77.90922228
2867	77.90303216
2868	77.88850625
2869	77.87843616
2870	77.85570785
2871	77.84996968
2872	77.82293518
2873	77.81418228
2874	77.68647368
2875	77.53908112
2876	77.52488968
2877	77.41818633
2878	77.14937805
2879	77.11725264
2880	76.98415916
2881	76.97692685
2882	76.97571322
2883	76.97371268
2884	76.95533242
2885	76.94613843
2886	76.94424409
2887	76.9420601
2888	76.87789618
2889	76.83129485
2890	76.82186451
2891	76.81620937
2892	76.72576479
2893	76.71763103
2894	76.68884048
2895	76.66389832
2896	76.6340371
2897	76.61458926
2898	76.57133733
2899	76.11908279
2900	75.92782998
2901	75.8971431
2902	75.8546265
2903	75.81625661
2904	75.78367281
2905	75.77595605
2906	75.77087
2907	75.7656578
2908	75.73120741
2909	75.71776563
2910	75.71005158
2911	75.70844967
2912	75.70013136
2913	75.67852031
2914	75.6489028
2915	75.58251925
2916	75.41167929
2917	75.32279331
2918	75.29720167
2919	75.28128932
2920	75.25080192
2921	75.22067745
2922	75.2017434
2923	75.19140599
2924	75.18385486
2925	75.17906473
2926	75.13605247
2927	75.13419948
2928	74.96384108
2929	74.93561125
2930	74.92795763
2931	74.90028412
2932	74.89888434
2933	74.72268282
2934	74.51103535
2935	74.4965045
2936	74.49497374
2937	74.4531118
2938	74.44800439
2939	74.44243156
2940	74.44058826
2941	74.43663165
2942	74.38722716
2943	74.36752998
2944	74.36418317
2945	74.35384565
2946	74.34783847
2947	74.34531142
2948	74.33888015
2949	74.31166711
2950	74.29064557
2951	74.19484078
2952	74.19301903
2953	74.15965723
2954	74.15032856
2955	74.01066842
2956	73.99856489
2957	73.96960975
2958	73.91679671
2959	73.85192719
2960	73.82231741
2961	73.81102557
2962	73.80452103
2963	73.80030758
2964	73.76783098
2965	73.75995197
2966	73.70861927
2967	73.6993284
2968	73.66496848
2969	73.57304088
2970	73.55497237
2971	73.55251215
2972	73.54139635
2973	73.53725178
2974	73.53203712
2975	73.52416511
2976	73.51174455
2977	73.50960905
2978	73.50153639
2979	73.48888642
2980	73.47016628
2981	73.30840503
2982	73.30589883
2983	73.28810011
2984	73.25902536
2985	73.25569955
2986	73.25462003
2987	73.24324509
2988	73.23907357
2989	73.19527374
2990	73.1895721
2991	73.15578806
2992	73.15168304
2993	73.09670759
2994	73.09125108
2995	73.08216845
2996	73.05437779
2997	73.0462024
2998	73.02298964
2999	73.01941345
3000	73.01225704
3001	72.96471704
3002	72.95960691
3003	72.93732904
3004	72.82168183
3005	72.82029065
3006	72.80058411
3007	72.78828254
3008	72.74387916
3009	72.69166922
3010	72.68520972
3011	72.65723593
3012	72.65441064
3013	72.60694243
3014	72.59629106
3015	72.55604981
3016	72.55018853
3017	72.52761137
3018	72.49846013
3019	72.4913961
3020	72.48353254
3021	72.47781275
3022	72.46733823
3023	72.44235214
3024	72.37471979
3025	72.34155428
3026	72.31611066
3027	72.31217235
3028	72.30898731
3029	72.26297482
3030	72.17383124
3031	72.12413367
3032	72.1179299
3033	72.1098115
3034	72.1025393
3035	72.09999351
3036	72.09741893
3037	72.06907023
3038	72.02096125
3039	72.01803855
3040	71.97415824
3041	71.92957652
3042	71.92463237
3043	71.92054717
3044	71.91795866
3045	71.91585208
3046	71.9086027
3047	71.89427921
3048	71.88841168
3049	71.88541947
3050	71.87135699
3051	71.57054325
3052	71.55253572
3053	71.54910092
3054	71.54605674
3055	71.54264494
3056	71.48119314
3057	71.47735197
3058	71.47273532
3059	71.47094245
3060	71.41471102
3061	71.40152046
3062	71.38997697
3063	71.37640728
3064	71.37257812
3065	71.37160005
3066	71.3494735
3067	71.28545774
3068	71.26156342
3069	71.19648966
3070	71.19529533
3071	71.14806419
3072	71.14710595
3073	71.14208504
3074	71.13346189
3075	71.13067441
3076	71.11292773
3077	71.09359074
3078	71.06583734
3079	71.05144312
3080	71.04402703
3081	71.04025828
3082	71.02767446
3083	70.98408396
3084	70.9702793
3085	70.96243114
3086	70.96088295
3087	70.93797849
3088	70.91421276
3089	70.91365442
3090	70.91194671
3091	70.83642071
3092	70.82650935
3093	70.63589997
3094	70.60247669
3095	70.57435358
3096	70.56325036
3097	70.56046662
3098	70.53194372
3099	70.52357256
3100	70.51140164
3101	70.50407109
3102	70.49872369
3103	70.49566031
3104	70.46899409
3105	70.46400569
3106	70.31967459
3107	70.3121195
3108	70.30257341
3109	70.27160466
3110	70.25576335
3111	70.2267259
3112	69.98578213
3113	69.98299488
3114	69.97976394
3115	69.97774703
3116	69.9734122
3117	69.93324338
3118	69.90770353
3119	69.90529719
3120	69.85810394
3121	69.84310833
3122	69.84084456
3123	69.80293275
3124	69.80001485
3125	69.76073246
3126	69.54055581
3127	69.53131086
3128	69.42042072
3129	69.40166945
3130	69.4000504
3131	69.39010977
3132	69.38732248
3133	69.38437313
3134	69.32462761
3135	69.30028858
3136	69.28482169
3137	68.86192833
3138	68.86107632
3139	68.83754341
3140	68.83545033
3141	68.81093502
3142	68.79116991
3143	68.78871269
3144	68.76064715
3145	68.74056466
3146	68.72034747
3147	68.71253532
3148	68.68721926
3149	68.65909259
3150	68.65758351
3151	68.52148622
3152	68.52072782
3153	68.50676534
3154	68.47583241
3155	68.47289872
3156	68.46818877
3157	68.44053233
3158	68.43851514
3159	68.43682691
3160	68.42724084
3161	68.38322507
3162	68.35260555
3163	68.35084794
3164	68.3202836
3165	68.31544619
3166	68.11352619
3167	68.10746122
3168	68.09431122
3169	68.08533677
3170	68.08306592
3171	68.0784433
3172	68.07661507
3173	68.07452713
3174	68.0699489
3175	68.06508613
3176	68.04392065
3177	68.03787683
3178	68.03126716
3179	68.02444663
3180	68.01411159
3181	67.99526069
3182	67.99363041
3183	67.99059347
3184	67.96174453
3185	67.95021845
3186	67.94602977
3187	67.93398635
3188	67.86207762
3189	67.84880093
3190	67.83833215
3191	67.81780885
3192	67.81053063
3193	67.80345102
3194	67.79816803
3195	67.7769586
3196	67.71530256
3197	67.70944594
3198	67.70906634
3199	67.68859765
3200	67.67757207
3201	67.67446924
3202	67.65984897
3203	67.44732795
3204	67.44305958
3205	67.42913352
3206	67.38069065
3207	67.37359455
3208	67.36504465
3209	67.34269533
3210	67.33643206
3211	67.32347877
3212	67.32139809
3213	67.3128248
3214	67.29373234
3215	67.29191089
3216	67.26750751
3217	67.26522733
3218	67.25739308
3219	67.25462419
3220	67.25294248
3221	67.1740801
3222	67.17313024
3223	67.13356705
3224	67.11320895
3225	67.10667377
3226	67.07088909
3227	67.06829282
3228	67.06758734
3229	67.0669963
3230	66.71436381
3231	66.71008586
3232	66.70900964
3233	66.62005805
3234	66.61265955
3235	66.59608487
3236	66.59428971
3237	66.49349302
3238	66.37391883
3239	66.366083
3240	66.32276
3241	66.32097117
3242	66.1846373
3243	66.18343233
3244	66.17659258
3245	66.15278863
3246	66.14834922
3247	66.13946904
3248	66.11154013
3249	66.09855078
3250	66.08000016
3251	66.05612592
3252	66.02889508
3253	66.02604203
3254	66.01349121
3255	65.99441549
3256	65.99177213
3257	65.96533132
3258	65.91596363
3259	65.91310768
3260	65.90919629
3261	65.82388349
3262	65.75183454
3263	65.72166961
3264	65.71318306
3265	65.70463637
3266	65.66825077
3267	65.65208035
3268	65.64550252
3269	65.61111279
3270	65.60237473
3271	65.56789188
3272	65.51039535
3273	65.50010333
3274	65.49692746
3275	65.49542172
3276	65.4876376
3277	65.4520943
3278	65.27057306
3279	65.25314372
3280	65.25178235
3281	65.23425262
3282	65.22509504
3283	65.21000376
3284	65.20103859
3285	65.18011294
3286	65.15322843
3287	65.14845633
3288	65.13459891
3289	65.13161581
3290	65.0942996
3291	65.05146935
3292	65.04499422
3293	65.02875022
3294	65.01520216
3295	65.00080847
3296	64.97547198
3297	64.97069343
3298	64.96867445
3299	64.96368741
3300	64.93249391
3301	64.92785842
3302	64.92175236
3303	64.89734535
3304	64.89480318
3305	64.87795793
3306	64.86959425
3307	64.86765473
3308	64.86227744
3309	64.84700122
3310	64.82160901
3311	64.7943932
3312	64.77199989
3313	64.76972316
3314	64.74019169
3315	64.63489342
3316	64.62437034
3317	64.58040013
3318	64.54150533
3319	64.52114934
3320	64.51891732
3321	64.48239766
3322	64.4663609
3323	64.27276513
3324	64.26899364
3325	64.26708282
3326	64.24210744
3327	64.23618736
3328	64.18356932
3329	64.17473586
3330	64.1174745
3331	64.10937451
3332	64.07064618
3333	64.0657423
3334	64.03960967
3335	64.01665212
3336	63.99638976
3337	63.98503948
3338	63.97897425
3339	63.97373891
3340	63.96635176
3341	63.95963469
3342	63.95584003
3343	63.94978281
3344	63.94544493
3345	63.88608074
3346	63.86351271
3347	63.86112213
3348	63.79175305
3349	63.74263385
3350	63.65659515
3351	63.65164174
3352	63.64420541
3353	63.61781324
3354	63.61716626
3355	63.61470327
3356	63.27189343
3357	63.26808249
3358	63.23668073
3359	63.23429615
3360	63.22956951
3361	62.8502206
3362	62.8313358
3363	62.78390499
3364	62.77398453
3365	62.75311834
3366	62.71388028
3367	62.71225209
3368	62.70949396
3369	62.70631957
3370	62.70420866
3371	62.70225429
3372	62.62194376
3373	62.57829351
3374	62.56993952
3375	62.56928665
3376	62.54860287
3377	62.54657978
3378	62.48149444
3379	62.47942216
3380	62.47447831
3381	62.45682029
3382	62.43633956
3383	62.43446458
3384	62.43078058
3385	62.42502664
3386	62.40188946
3387	62.39453553
3388	62.38420443
3389	62.38265724
3390	62.37396473
3391	62.36600398
3392	62.28920791
3393	62.28529522
3394	62.27645546
3395	62.26353101
3396	62.25659706
3397	62.227913
3398	62.20528469
3399	62.19580978
3400	62.19234313
3401	62.19123158
3402	62.16894688
3403	62.15282897
3404	62.13153058
3405	62.06040462
3406	62.02023783
3407	62.01732358
3408	61.97086033
3409	61.92760165
3410	61.90751936
3411	61.89305321
3412	61.86984395
3413	61.86554326
3414	61.76745308
3415	61.7663911
3416	61.76523585
3417	61.76273573
3418	61.76145995
3419	61.70775169
3420	61.70543968
3421	61.68040221
3422	61.65524806
3423	61.63844497
3424	61.63380156
3425	61.59877127
3426	61.59546257
3427	61.58051058
3428	61.50760312
3429	61.48815092
3430	61.43095552
3431	61.4263696
3432	61.4246432
3433	61.41684784
3434	61.41131237
3435	61.40976759
3436	61.39840938
3437	61.3538247
3438	61.31486674
3439	61.31090985
3440	61.29127895
3441	61.29017396
3442	61.27165998
3443	61.26355643
3444	61.25104033
3445	61.24485606
3446	61.23762016
3447	61.23591092
3448	61.19929245
3449	61.18910187
3450	61.14930954
3451	61.14681289
3452	61.14003859
3453	61.12968818
3454	61.12716103
3455	61.1006018
3456	61.0999487
3457	61.09682906
3458	61.06578467
3459	61.06419439
3460	61.04125098
3461	61.02668977
3462	61.01185724
3463	61.01113805
3464	61.0065671
3465	60.99447287
3466	60.96572975
3467	60.9558756
3468	60.93794927
3469	60.9343663
3470	60.92192911
3471	60.9195734
3472	60.88252624
3473	60.86884419
3474	60.85548982
3475	60.83149738
3476	60.74346522
3477	60.73925107
3478	60.73856079
3479	60.73313121
3480	60.7104645
3481	60.70840287
3482	60.69477846
3483	60.69266547
3484	60.68465173
3485	60.65909166
3486	60.65678784
3487	60.57431004
3488	60.56970386
3489	60.55119238
3490	60.52154385
3491	60.51926694
3492	60.51207571
3493	60.50748512
3494	60.49110397
3495	60.48935734
3496	60.42386141
3497	60.40285613
3498	60.39672961
3499	60.39599115
3500	60.36038052
3501	60.32461146
3502	60.3214973
3503	60.31924029
3504	60.30324425
3505	60.28155316
3506	60.27819927
3507	60.27507514
3508	60.26327778
3509	60.25023096
3510	60.24995622
3511	60.24905948
3512	60.24759358
3513	60.24291436
3514	60.22462476
3515	60.20318595
3516	60.18090643
3517	60.17059496
3518	60.16944211
3519	60.16902295
3520	60.16288667
3521	60.14095763
3522	60.04778649
3523	60.02988362
3524	59.99135831
3525	59.98728186
3526	59.8945426
3527	59.89309625
3528	59.88691127
3529	59.7924625
3530	59.78588676
3531	59.76708328
3532	59.76025459
3533	59.75940223
3534	59.75676829
3535	59.74803477
3536	59.74603671
3537	59.71441272
3538	59.69913232
3539	59.69721514
3540	59.6798357
3541	59.61231026
3542	59.6115221
3543	59.6086846
3544	59.60489154
3545	59.57047345
3546	59.55810515
3547	59.5527835
3548	59.55161484
3549	59.54183465
3550	59.53933251
3551	59.53588663
3552	59.53311762
3553	59.53239274
3554	59.5315333
3555	59.42116434
3556	59.41129203
3557	59.40831863
3558	59.40408748
3559	59.37289743
3560	59.37027209
3561	59.36588476
3562	59.35780265
3563	59.3506278
3564	59.28224482
3565	59.26828837
3566	59.26071483
3567	59.25962689
3568	59.25926609
3569	59.25101051
3570	59.23525014
3571	59.23465878
3572	59.22835066
3573	59.22666121
3574	59.22623548
3575	59.22418725
3576	59.22106619
3577	59.21498184
3578	59.21171327
3579	59.21084682
3580	59.20977226
3581	59.17706689
3582	59.1756584
3583	59.15627236
3584	59.09322835
3585	59.0918407
3586	59.08056634
3587	59.0705524
3588	59.06917889
3589	59.0464721
3590	59.04152007
3591	58.99995251
3592	58.99808876
3593	58.99123734
3594	58.97769858
3595	58.9764836
3596	58.97580774
3597	58.97425767
3598	58.79109089
3599	58.78808975
3600	58.78666159
3601	58.78354906
3602	58.78152296
3603	58.75767449
3604	58.7464185
3605	58.74457939
3606	58.74137182
3607	58.72860601
3608	58.71996527
3609	58.70306456
3610	58.6280116
3611	58.62535761
3612	58.51855044
3613	58.51656018
3614	58.48649529
3615	58.48317713
3616	58.45748153
3617	58.45104054
3618	58.44036675
3619	58.42485734
3620	58.388297
3621	58.38513039
3622	58.38180254
3623	58.37877366
3624	58.31653939
3625	58.31256856
3626	58.30742599
3627	58.24992736
3628	58.24952416
3629	58.24927303
3630	58.21856342
3631	58.21583784
3632	58.21484422
3633	58.20993564
3634	58.20305304
3635	58.01351041
3636	57.83475431
3637	57.82692756
3638	57.73979004
3639	57.73161083
3640	57.70803053
3641	57.67377885
3642	57.57106518
3643	57.5502464
3644	57.52953278
3645	57.52562577
3646	57.50477557
3647	57.38918574
3648	57.3880593
3649	57.34201111
3650	57.33928453
3651	57.33910582
3652	57.32818474
3653	57.32741983
3654	57.31530289
3655	57.31502757
3656	57.31207028
3657	57.27463176
3658	57.27224131
3659	57.26751898
3660	57.26100749
3661	57.22789015
3662	57.22641466
3663	57.22531039
3664	57.2240325
3665	57.22042651
3666	57.20400619
3667	57.16908935
3668	57.16847626
3669	57.16604429
3670	57.16231572
3671	57.15691703
3672	57.15650922
3673	57.15616658
3674	57.13493536
3675	57.13323799
3676	57.12658627
3677	57.12316687
3678	57.11830878
3679	57.11755055
3680	56.84074932
3681	56.83309812
3682	56.81705578
3683	56.81585184
3684	56.81427265
3685	56.80708299
3686	56.79948825
3687	56.78830963
3688	56.75175598
3689	56.75046109
3690	56.75002802
3691	56.7284232
3692	56.7108714
3693	56.70199744
3694	56.70079944
3695	56.69565601
3696	56.69383502
3697	56.67830655
3698	56.66934732
3699	56.6682699
3700	56.65217486
3701	56.64394549
3702	56.6426633
3703	56.63567239
3704	56.62957168
3705	56.62189928
3706	56.59674404
3707	56.59228779
3708	56.58598107
3709	56.55225213
3710	56.55117932
3711	56.54931632
3712	56.53415744
3713	56.53331831
3714	56.53239543
3715	56.52883425
3716	56.52711879
3717	56.51695089
3718	56.51439823
3719	56.51219504
3720	56.44155565
3721	56.42088643
3722	56.389643
3723	56.38761532
3724	56.37127723
3725	56.3572835
3726	56.29204962
3727	56.29056519
3728	56.27604826
3729	56.27040419
3730	56.26157428
3731	56.10975281
3732	56.10622317
3733	56.1050275
3734	56.10301176
3735	56.10120098
3736	56.09920249
3737	56.07881487
3738	56.07009605
3739	56.06993894
3740	56.0590003
3741	56.0247646
3742	56.01894338
3743	55.9916122
3744	55.9800454
3745	55.97525086
3746	55.97160023
3747	55.88219417
3748	55.87537193
3749	55.71660353
3750	55.71298913
3751	55.71203015
3752	55.70125781
3753	55.65621584
3754	55.65244171
3755	55.65181557
3756	55.61922179
3757	55.61382466
3758	55.61048983
3759	55.59905439
3760	55.57395856
3761	55.56908548
3762	55.56561692
3763	55.56389675
3764	55.54153415
3765	55.53503067
3766	55.53376272
3767	55.52517101
3768	55.52134287
3769	55.51806335
3770	55.46305649
3771	55.4617294
3772	55.45898224
3773	55.45003921
3774	55.44892502
3775	55.41505254
3776	55.34355855
3777	55.22261103
3778	55.21928757
3779	55.17239096
3780	55.17111281
3781	55.16983667
3782	55.16949328
3783	55.16616822
3784	55.15708082
3785	55.15303641
3786	55.14596739
3787	55.14125094
3788	55.13807796
3789	55.03489955
3790	55.03287297
3791	55.00857638
3792	54.98394695
3793	54.98283321
3794	54.97908289
3795	54.94013986
3796	54.92204916
3797	54.91650132
3798	54.9130874
3799	54.9105829
3800	54.89767472
3801	54.88665047
3802	54.82147529
3803	54.79080976
3804	54.78383988
3805	54.7780545
3806	54.74640371
3807	54.73234836
3808	54.70228785
3809	54.70036307
3810	54.68920356
3811	54.6886811
3812	54.65764119
3813	54.57190756
3814	54.56075464
3815	54.55582524
3816	54.54740793
3817	54.54629555
3818	54.53006236
3819	54.50084546
3820	54.49804635
3821	54.49710421
3822	54.47883552
3823	54.4750794
3824	54.45411052
3825	54.45048418
3826	54.42444258
3827	54.42176029
3828	54.39924996
3829	54.37229163
3830	54.35093944
3831	54.35040122
3832	54.33371683
3833	54.33035964
3834	54.32627546
3835	54.29992799
3836	54.29831571
3837	54.24307578
3838	54.2332415
3839	54.23082409
3840	54.22317358
3841	54.21565795
3842	54.21460206
3843	54.21129247
3844	54.21020072
3845	54.19015171
3846	54.15583596
3847	54.14035563
3848	54.12603185
3849	54.11830305
3850	54.11507007
3851	54.10220039
3852	54.09734896
3853	54.09475443
3854	54.09082921
3855	54.0655712
3856	54.05619918
3857	54.03495385
3858	54.02323426
3859	54.01919002
3860	54.01559967
3861	54.00559516
3862	53.97856134
3863	53.96273889
3864	53.95989438
3865	53.95886846
3866	53.95035405
3867	53.94633263
3868	53.94293964
3869	53.9365109
3870	53.93120429
3871	53.9246483
3872	53.91938245
3873	53.88580817
3874	53.88288157
3875	53.86774132
3876	53.84976745
3877	53.84787531
3878	53.84056295
3879	53.82819696
3880	53.78622083
3881	53.78360697
3882	53.77370156
3883	53.76914985
3884	53.75251606
3885	53.71263541
3886	53.68873206
3887	53.67381964
3888	53.62293472
3889	53.61234684
3890	53.59462497
3891	53.57885032
3892	53.5765298
3893	53.55826688
3894	53.55377853
3895	53.54207445
3896	53.53962697
3897	53.53770123
3898	53.53670979
3899	53.53253379
3900	53.53048982
3901	53.52951905
3902	53.52074163
3903	53.51988247
3904	53.51920768
3905	53.51070617
3906	53.45075047
3907	53.43675971
3908	53.43419255
3909	53.42956066
3910	53.42303224
3911	53.42084094
3912	53.37773918
3913	53.35363278
3914	53.34865344
3915	53.32471719
3916	53.32169524
3917	53.32048462
3918	53.31698383
3919	53.29229934
3920	53.27056278
3921	53.26802407
3922	53.26728205
3923	53.25766191
3924	53.25038009
3925	53.23458156
3926	53.23037046
3927	53.2267381
3928	53.1986327
3929	53.1780902
3930	53.16884207
3931	53.16780178
3932	53.16625473
3933	53.16514044
3934	53.15739787
3935	53.13298364
3936	53.12242712
3937	53.07322559
3938	53.06825262
3939	53.0649905
3940	53.05838611
3941	53.05497178
3942	53.04586039
3943	52.99922794
3944	52.98273694
3945	52.97691048
3946	52.94729368
3947	52.94342852
3948	52.92981099
3949	52.92830362
3950	52.91483844
3951	52.9117182
3952	52.8967458
3953	52.8832953
3954	52.85089968
3955	52.83632354
3956	52.83364503
3957	52.78068302
3958	52.77908659
3959	52.77288339
3960	52.75447024
3961	52.74885468
3962	52.73409619
3963	52.73137621
3964	52.72846104
3965	52.70758291
3966	52.7048747
3967	52.70427011
3968	52.69523667
3969	52.69103425
3970	52.68979103
3971	52.68680795
3972	52.67681942
3973	52.66429657
3974	52.66310437
3975	52.65856648
3976	52.6570519
3977	52.63867957
3978	52.62707927
3979	52.59652274
3980	52.54411831
3981	52.53785346
3982	52.52766652
3983	52.51769478
3984	52.5082578
3985	52.50754481
3986	52.47741115
3987	52.46298087
3988	52.45891398
3989	52.45548851
3990	52.45454156
3991	52.45043606
3992	52.43203227
3993	52.40865681
3994	52.4066452
3995	52.39838135
3996	52.38299969
3997	52.37844612
3998	52.37755212
3999	52.37359709
4000	52.37310262
4001	52.34451176
4002	52.34310524
4003	52.33741498
4004	52.33560687
4005	52.33369145
4006	52.29822573
4007	52.24815073
4008	52.22894878
4009	52.21784632
4010	52.20757675
4011	52.19722022
4012	52.17618395
4013	52.17343988
4014	52.16693656
4015	52.15869612
4016	52.13622203
4017	52.10972108
4018	51.9933358
4019	51.95525244
4020	51.92396729
4021	51.92230062
4022	51.91841582
4023	51.90928597
4024	51.89649758
4025	51.8887691
4026	51.87638121
4027	51.84714632
4028	51.83674383
4029	51.83576655
4030	51.80221956
4031	51.77494199
4032	51.77110501
4033	51.70932069
4034	51.70465451
4035	51.63658793
4036	51.62071024
4037	51.60543657
4038	51.60490458
4039	51.52824639
4040	51.52438375
4041	51.51415941
4042	51.51254843
4043	51.49387746
4044	51.46837348
4045	51.46756338
4046	51.35928532
4047	51.35816552
4048	51.30672347
4049	51.3053224
4050	51.28147081
4051	51.28013835
4052	51.27862324
4053	51.27179914
4054	51.26270453
4055	51.25312263
4056	51.24097065
4057	51.2253308
4058	51.22364709
4059	51.21803072
4060	51.20963276
4061	51.20322227
4062	51.18589985
4063	51.18117106
4064	51.18036546
4065	51.17542333
4066	51.17456604
4067	51.17322964
4068	51.14986862
4069	51.14222986
4070	51.14046678
4071	51.13839976
4072	51.13745991
4073	51.13498559
4074	51.13432241
4075	51.12143034
4076	51.09443782
4077	51.07954536
4078	51.07781408
4079	51.06631115
4080	51.05150021
4081	51.04909678
4082	51.04498818
4083	51.04054429
4084	51.03721267
4085	51.03049929
4086	51.02763943
4087	51.02683953
4088	51.02597819
4089	51.0219873
4090	50.92145255
4091	50.86973241
4092	50.8668635
4093	50.84390006
4094	50.83476075
4095	50.80170432
4096	50.80067016
4097	50.79516183
4098	50.79313478
4099	50.78234015
4100	50.7811427
4101	50.76976074
4102	50.76286912
4103	50.74879144
4104	50.72955491
4105	50.72800303
4106	50.71913881
4107	50.71799254
4108	50.71085171
4109	50.70996302
4110	50.7082987
4111	50.69355272
4112	50.6905146
4113	50.68935801
4114	50.68851273
4115	50.68745093
4116	50.68568349
4117	50.68164535
4118	50.66538851
4119	50.64443229
4120	50.64377719
4121	50.63538232
4122	50.63364253
4123	50.60753449
4124	50.60318777
4125	50.60073068
4126	50.59696833
4127	50.58708617
4128	50.57629385
4129	50.56437597
4130	50.55419627
4131	50.55343712
4132	50.5514617
4133	50.5344918
4134	50.52968561
4135	50.52784816
4136	50.52082851
4137	50.51621866
4138	50.50983797
4139	50.50477089
4140	50.50342878
4141	50.5022682
4142	50.49638863
4143	50.48663745
4144	50.33068769
4145	50.30897133
4146	50.30125341
4147	50.29945592
4148	50.28404911
4149	50.03751185
4150	50.03324482
4151	49.91272763
4152	49.86143403
4153	49.8521898
4154	49.84995277
4155	49.8469303
4156	49.84437509
4157	49.84072683
4158	49.83847725
4159	49.83663199
4160	49.8123573
4161	49.80954846
4162	49.80778172
4163	49.80266235
4164	49.7948386
4165	49.77599788
4166	49.76597034
4167	49.7612021
4168	49.75907815
4169	49.75790799
4170	49.75650051
4171	49.7552753
4172	49.75093118
4173	49.74289904
4174	49.73974709
4175	49.7378752
4176	49.73169183
4177	49.71397907
4178	49.71283423
4179	49.69959294
4180	49.69905395
4181	49.69731856
4182	49.69137364
4183	49.67544915
4184	49.67163475
4185	49.67031801
4186	49.66937905
4187	49.66869233
4188	49.6590902
4189	49.65263876
4190	49.64980127
4191	49.64404933
4192	49.63344309
4193	49.60035621
4194	49.59360405
4195	49.59113434
4196	49.58793595
4197	49.58694904
4198	49.57554282
4199	49.57463277
4200	49.50574622
4201	49.49747266
4202	49.45272864
4203	49.45190482
4204	49.44940657
4205	49.44503275
4206	49.44131177
4207	49.44040813
4208	49.42312151
4209	49.40343877
4210	49.40109083
4211	49.39963289
4212	49.35271156
4213	49.35211314
4214	49.34438093
4215	49.34262202
4216	49.34036689
4217	49.33754745
4218	49.33021554
4219	49.32629593
4220	49.31781393
4221	49.31572867
4222	49.30117247
4223	49.29919542
4224	49.28733971
4225	49.28701173
4226	49.25714806
4227	49.23974651
4228	49.2365738
4229	49.22802853
4230	49.22138717
4231	49.21753709
4232	49.19261757
4233	49.1704377
4234	49.15862919
4235	49.15515529
4236	49.15412639
4237	49.15376661
4238	49.15059799
4239	49.1476094
4240	49.14639121
4241	49.13461103
4242	49.13265887
4243	49.12912193
4244	49.12605415
4245	49.12450482
4246	49.1238584
4247	49.11454643
4248	49.10690491
4249	49.10133372
4250	49.10089288
4251	49.09992034
4252	49.08161361
4253	49.07997499
4254	49.07897546
4255	49.07850848
4256	49.06789466
4257	49.0497258
4258	48.90602876
4259	48.90560706
4260	48.88383311
4261	48.88338588
4262	48.88042019
4263	48.87786725
4264	48.86378787
4265	48.8635653
4266	48.8599977
4267	48.85864488
4268	48.85748704
4269	48.83246078
4270	48.82994626
4271	48.80971863
4272	48.80689588
4273	48.80227126
4274	48.79665133
4275	48.79258728
4276	48.69354566
4277	48.69148774
4278	48.66343407
4279	48.66162939
4280	48.66103751
4281	48.65580922
4282	48.6525904
4283	48.64352222
4284	48.64175458
4285	48.63243525
4286	48.63081669
4287	48.59909356
4288	48.59507513
4289	48.59257488
4290	48.59045901
4291	48.56712824
4292	48.56472655
4293	48.56205066
4294	48.56009367
4295	48.55687457
4296	48.55536167
4297	48.55348297
4298	48.51721393
4299	48.51520646
4300	48.51382076
4301	48.50614857
4302	48.50478655
4303	48.4960687
4304	48.36841165
4305	48.36154684
4306	48.34772604
4307	48.34597997
4308	48.3384382
4309	48.33638707
4310	48.30734281
4311	48.30517886
4312	48.27955379
4313	48.27781058
4314	48.27712967
4315	48.27639624
4316	48.25756508
4317	48.25736843
4318	48.25635505
4319	48.25347696
4320	48.20707175
4321	48.19668943
4322	48.18592401
4323	48.17890384
4324	48.1639839
4325	48.16275785
4326	48.1550524
4327	48.15306694
4328	48.14271674
4329	48.14003328
4330	48.13810761
4331	48.13689287
4332	48.13647204
4333	48.10071446
4334	48.08481595
4335	48.08402918
4336	48.08255646
4337	48.07925843
4338	48.07779215
4339	48.07619562
4340	48.07583236
4341	48.07523494
4342	48.07439905
4343	47.92416182
4344	47.91533958
4345	47.91413924
4346	47.90993652
4347	47.90763773
4348	47.8629693
4349	47.83121283
4350	47.82843232
4351	47.82800262
4352	47.82775869
4353	47.82734295
4354	47.82722053
4355	47.81903453
4356	47.74394005
4357	47.74242592
4358	47.71947036
4359	47.7120592
4360	47.66714705
4361	47.66668412
4362	47.66569809
4363	47.65621535
4364	47.63933606
4365	47.63826441
4366	47.63263182
4367	47.62054171
4368	47.61726786
4369	47.6151451
4370	47.61381077
4371	47.60387468
4372	47.59356879
4373	47.57331725
4374	47.57099038
4375	47.53756246
4376	47.5371488
4377	47.51604322
4378	47.51503696
4379	47.51329343
4380	47.51136932
4381	47.50764318
4382	47.49002646
4383	47.48868861
4384	47.48336741
4385	47.47884435
4386	47.45867608
4387	47.31323028
4388	47.28754035
4389	47.27042124
4390	47.23001941
4391	47.22013983
4392	47.21470032
4393	47.20728395
4394	47.2061947
4395	47.17197794
4396	47.17029186
4397	47.15189602
4398	47.11706635
4399	47.11410701
4400	47.11115488
4401	47.10861477
4402	47.10697223
4403	46.94455024
4404	46.94191932
4405	46.93999307
4406	46.93641481
4407	46.90518282
4408	46.89971031
4409	46.89453414
4410	46.87605028
4411	46.86967547
4412	46.86843299
4413	46.86643046
4414	46.85066816
4415	46.83349642
4416	46.78423156
4417	46.69917352
4418	46.68585243
4419	46.67798079
4420	46.65748466
4421	46.65217467
4422	46.60555283
4423	46.59906009
4424	46.58185246
4425	46.56028884
4426	46.54468313
4427	46.39746993
4428	46.39234217
4429	46.39059357
4430	46.38840452
4431	46.38424192
4432	46.24538769
4433	46.24194617
4434	46.22578577
4435	46.20684243
4436	46.18244353
4437	46.18068699
4438	46.1795436
4439	46.15586118
4440	46.14829953
4441	46.13465344
4442	46.13236594
4443	46.13134934
4444	46.13067873
4445	46.05197304
4446	46.04736941
4447	46.04718402
4448	46.04418964
4449	46.03832913
4450	46.02249892
4451	46.0211289
4452	46.00496322
4453	45.9264942
4454	45.90693079
4455	45.90570258
4456	45.90252962
4457	45.89534775
4458	45.89451004
4459	45.88811287
4460	45.83225413
4461	45.80814528
4462	45.79519613
4463	45.78294883
4464	45.75554236
4465	45.75199955
4466	45.75131601
4467	45.73834153
4468	45.72558463
4469	45.72234094
4470	45.72121001
4471	45.70247725
4472	45.67013034
4473	45.6509501
4474	45.64097554
4475	45.62522504
4476	45.62137644
4477	45.60923484
4478	45.59280858
4479	45.54159436
4480	45.54147118
4481	45.53938951
4482	45.53837532
4483	45.52762103
4484	45.52136506
4485	45.50925144
4486	45.43746035
4487	45.28855603
4488	45.28686539
4489	45.28065255
4490	45.27483014
4491	45.27378627
4492	45.26923282
4493	45.26286702
4494	45.2561211
4495	45.25004038
4496	45.24007517
4497	45.22175462
4498	45.21385352
4499	45.21314822
4500	45.21051812
4501	45.19441602
4502	45.17381712
4503	45.15943246
4504	45.15154594
4505	45.14841341
4506	45.14171827
4507	45.13496246
4508	45.12812673
4509	45.12615155
4510	45.12491445
4511	45.1001218
4512	45.09112132
4513	45.06521733
4514	45.06218099
4515	45.05990294
4516	44.98917268
4517	44.988824
4518	44.98633185
4519	44.88431139
4520	44.88370308
4521	44.87661285
4522	44.74280476
4523	44.73506232
4524	44.72413787
4525	44.71976998
4526	44.71779708
4527	44.70377528
4528	44.68181319
4529	44.67880004
4530	44.67193982
4531	44.66604151
4532	44.66143091
4533	44.66024416
4534	44.44591646
4535	44.40751562
4536	44.40697901
4537	44.40378355
4538	44.40186469
4539	44.39861818
4540	44.3959139
4541	44.39469408
4542	44.39288543
4543	44.38989025
4544	44.38504037
4545	44.38106638
4546	44.36546606
4547	44.35465587
4548	44.3529825
4549	44.35094741
4550	44.33419396
4551	44.31930117
4552	44.30049483
4553	44.29471221
4554	44.28940469
4555	44.28137816
4556	44.26110398
4557	44.25407023
4558	44.25326673
4559	44.24934302
4560	44.24922194
4561	44.23024323
4562	44.22885703
4563	44.22740839
4564	44.22099991
4565	44.21451617
4566	44.21364778
4567	44.2102855
4568	44.2073289
4569	44.2002697
4570	44.19104706
4571	44.185866
4572	44.18520727
4573	44.18220676
4574	44.17870473
4575	44.17198866
4576	44.17181251
4577	44.16811058
4578	44.16760051
4579	44.16621007
4580	44.16475116
4581	44.16349932
4582	44.16148722
4583	44.15340814
4584	44.14651643
4585	44.1456436
4586	44.14462129
4587	44.14305351
4588	44.14259727
4589	44.14224072
4590	44.13882341
4591	44.13346027
4592	44.13112026
4593	44.12786838
4594	44.12577567
4595	44.12211654
4596	44.11959994
4597	44.11411984
4598	44.1102305
4599	44.08823976
4600	44.08739605
4601	44.08645416
4602	44.08509781
4603	44.08376282
4604	44.07648582
4605	44.05809882
4606	44.05315982
4607	44.04469339
4608	44.03319985
4609	44.02140632
4610	44.01015398
4611	44.00245503
4612	43.99718535
4613	43.9921328
4614	43.98760587
4615	43.97197468
4616	43.97117498
4617	43.9644973
4618	43.95785714
4619	43.95631169
4620	43.95456256
4621	43.87482412
4622	43.82712724
4623	43.82577629
4624	43.82503215
4625	43.82364505
4626	43.82054166
4627	43.81967071
4628	43.8184891
4629	43.81661485
4630	43.8105025
4631	43.81019191
4632	43.80370766
4633	43.79830827
4634	43.79745221
4635	43.79727649
4636	43.79659881
4637	43.796327
4638	43.78641197
4639	43.76592902
4640	43.76133466
4641	43.76090959
4642	43.73345776
4643	43.73131089
4644	43.72962188
4645	43.72875003
4646	43.72750191
4647	43.72164751
4648	43.71975853
4649	43.69735359
4650	43.56603963
4651	43.54842679
4652	43.52040396
4653	43.51800734
4654	43.51745217
4655	43.48337114
4656	43.47755745
4657	43.43845627
4658	43.43693738
4659	43.42310704
4660	43.40287031
4661	43.401972
4662	43.38670538
4663	43.37039433
4664	43.31261952
4665	43.30982955
4666	43.30136142
4667	43.27626454
4668	43.26844646
4669	43.23025188
4670	43.20659991
4671	43.12802432
4672	43.1255161
4673	43.0709182
4674	43.0634517
4675	43.06197858
4676	43.06053821
4677	42.9769675
4678	42.96870067
4679	42.96721572
4680	42.96504936
4681	42.8321408
4682	42.81798245
4683	42.81769155
4684	42.81710925
4685	42.80338487
4686	42.80251703
4687	42.7909786
4688	42.77748578
4689	42.77615893
4690	42.77538692
4691	42.77365589
4692	42.77026437
4693	42.76332945
4694	42.74057487
4695	42.71310031
4696	42.71271946
4697	42.71224318
4698	42.71092863
4699	42.70972377
4700	42.67333674
4701	42.65971626
4702	42.65951492
4703	42.63969701
4704	42.63861402
4705	42.51688306
4706	42.51408802
4707	42.51368895
4708	42.50973057
4709	42.50930099
4710	42.50523937
4711	42.50048539
4712	42.49741014
4713	42.48003691
4714	42.47253436
4715	42.47141747
4716	42.47101951
4717	42.46622141
4718	42.45791358
4719	42.45317886
4720	42.44997149
4721	42.44610465
4722	42.34059594
4723	42.34025038
4724	42.3387539
4725	42.33143337
4726	42.31495582
4727	42.31004682
4728	42.30592709
4729	42.28589804
4730	42.28453239
4731	42.26983466
4732	42.26550592
4733	42.25841352
4734	42.25732109
4735	42.25584545
4736	42.25439616
4737	42.25384458
4738	42.25146576
4739	42.24346358
4740	42.24201368
4741	42.23622796
4742	42.23488582
4743	42.22968389
4744	42.22900727
4745	42.1760929
4746	42.17338266
4747	42.16593474
4748	42.1617282
4749	42.16160912
4750	42.15943695
4751	42.15906534
4752	42.13745247
4753	42.13616411
4754	42.13315016
4755	42.11547764
4756	42.11324471
4757	42.10868411
4758	42.10173879
4759	42.10145347
4760	42.06502073
4761	42.04644322
4762	42.03917558
4763	42.0390441
4764	42.03830835
4765	42.02945671
4766	42.0235512
4767	42.02129374
4768	42.02114822
4769	42.01040526
4770	42.01032154
4771	42.00878754
4772	42.00221993
4773	41.9986074
4774	41.99805271
4775	41.9716131
4776	41.96616384
4777	41.945712
4778	41.94230866
4779	41.93976398
4780	41.93879344
4781	41.93839111
4782	41.92525872
4783	41.92057445
4784	41.91384055
4785	41.90813392
4786	41.90752542
4787	41.90712805
4788	41.90654526
4789	41.90586429
4790	41.90543531
4791	41.90444139
4792	41.88315866
4793	41.8775056
4794	41.87656443
4795	41.87586005
4796	41.86956506
4797	41.86817986
4798	41.86639662
4799	41.8660443
4800	41.86314171
4801	41.85633538
4802	41.84801135
4803	41.76431908
4804	41.7518514
4805	41.74068119
4806	41.73983466
4807	41.73756822
4808	41.72862457
4809	41.7269454
4810	41.72552319
4811	41.72530525
4812	41.72472381
4813	41.7238976
4814	41.72296861
4815	41.71695722
4816	41.71633042
4817	41.71430726
4818	41.7024931
4819	41.68851887
4820	41.67820434
4821	41.66753875
4822	41.6653188
4823	41.66247671
4824	41.66058945
4825	41.65936919
4826	41.65822726
4827	41.65773013
4828	41.65728427
4829	41.65593601
4830	41.6301818
4831	41.63007895
4832	41.61752341
4833	41.61646875
4834	41.61195936
4835	41.61062506
4836	41.60253248
4837	41.59187569
4838	41.59115431
4839	41.58985648
4840	41.5834844
4841	41.58277393
4842	41.57969411
4843	41.57413844
4844	41.5728876
4845	41.57240677
4846	41.57116213
4847	41.56938276
4848	41.56247794
4849	41.55841563
4850	41.55108175
4851	41.52501364
4852	41.51648256
4853	41.5141698
4854	41.51309326
4855	41.49160605
4856	41.48683147
4857	41.48039475
4858	41.47946031
4859	41.47702237
4860	41.47124833
4861	41.45922813
4862	41.45598199
4863	41.45465122
4864	41.4361226
4865	41.43468307
4866	41.43261404
4867	41.43136424
4868	41.43104839
4869	41.43000795
4870	41.42956841
4871	41.42932863
4872	41.4222187
4873	41.42160822
4874	41.41461598
4875	41.40971058
4876	41.40870125
4877	41.40789894
4878	41.4072217
4879	41.40459619
4880	41.40452265
4881	41.37740556
4882	41.37611189
4883	41.37543587
4884	41.37425468
4885	41.34880947
4886	41.34705142
4887	41.33938088
4888	41.33899553
4889	41.28492612
4890	41.28401235
4891	41.28331263
4892	41.28311618
4893	41.28286793
4894	41.2825598
4895	41.28209705
4896	41.28156277
4897	41.2776562
4898	41.27621358
4899	41.26717884
4900	41.26246991
4901	41.25697184
4902	41.25561418
4903	41.25428651
4904	41.25292233
4905	41.24977342
4906	41.24853821
4907	41.2351941
4908	41.23443409
4909	41.23358862
4910	41.23088392
4911	41.21452941
4912	41.2117966
4913	41.21023133
4914	41.20967345
4915	41.20810712
4916	41.20652888
4917	41.20321741
4918	41.19959352
4919	41.1968568
4920	41.07898125
4921	41.07549068
4922	41.06993424
4923	41.06817816
4924	41.05476841
4925	41.02756206
4926	41.02583113
4927	41.01941539
4928	41.01653988
4929	41.01299074
4930	41.0125365
4931	40.99716596
4932	40.99023949
4933	40.87237069
4934	40.85016957
4935	40.84935802
4936	40.82231008
4937	40.82209271
4938	40.82180311
4939	40.82002998
4940	40.81934784
4941	40.80930562
4942	40.80875863
4943	40.80795247
4944	40.79455294
4945	40.78220885
4946	40.78182343
4947	40.77882917
4948	40.77468682
4949	40.75969789
4950	40.75226575
4951	40.75167747
4952	40.74396582
4953	40.74339466
4954	40.73232309
4955	40.72420593
4956	40.71286125
4957	40.71151339
4958	40.68853099
4959	40.66386702
4960	40.66242719
4961	40.66117696
4962	40.64832443
4963	40.63939809
4964	40.63680574
4965	40.62826539
4966	40.62719872
4967	40.62617261
4968	40.62534262
4969	40.61612739
4970	40.61490273
4971	40.61066601
4972	40.60869457
4973	40.6077747
4974	40.59181489
4975	40.59092764
4976	40.54589695
4977	40.54040378
4978	40.53921354
4979	40.53720175
4980	40.5358924
4981	40.53085642
4982	40.52558373
4983	40.51844592
4984	40.51230308
4985	40.48968008
4986	40.48030763
4987	40.47513952
4988	40.47350964
4989	40.47147596
4990	40.47075396
4991	40.41695918
4992	40.41268301
4993	40.4113701
4994	40.41090977
4995	40.41025819
4996	40.40035285
4997	40.39596071
4998	40.39535128
4999	40.39001438
5000	40.38925815
5001	40.37496467
5002	40.3732018
5003	40.37281164
5004	40.36214042
5005	40.35848301
5006	40.35749259
5007	40.3566698
5008	40.3508799
5009	40.34994304
5010	40.34823008
5011	40.32225978
5012	40.3221138
5013	40.31516188
5014	40.31245878
5015	40.31154135
5016	40.31074076
5017	40.308992
5018	40.30871037
5019	40.30847557
5020	40.30771489
5021	40.30167116
5022	40.3005691
5023	40.25826623
5024	40.25715906
5025	40.25584851
5026	40.25134648
5027	40.24284043
5028	40.24138993
5029	40.24031215
5030	40.2399326
5031	40.23857375
5032	40.20094034
5033	40.19896533
5034	40.19084022
5035	40.19049705
5036	40.1881973
5037	40.18713736
5038	40.18595071
5039	40.18189582
5040	40.17932082
5041	40.17811383
5042	40.14083542
5043	40.13156908
5044	40.01024487
5045	40.00609187
5046	39.97844907
5047	39.97539179
5048	39.96993673
5049	39.96517352
5050	39.96230734
5051	39.96115954
5052	39.95470421
5053	39.95217606
5054	39.94355119
5055	39.94193257
5056	39.9412238
5057	39.93983921
5058	39.93761608
5059	39.93699677
5060	39.92390214
5061	39.92259738
5062	39.89839832
5063	39.88774613
5064	39.88685149
5065	39.8863106
5066	39.88559931
5067	39.88365856
5068	39.87104059
5069	39.86870391
5070	39.86815627
5071	39.84835855
5072	39.84355962
5073	39.83940624
5074	39.83422881
5075	39.83287784
5076	39.83146051
5077	39.83028927
5078	39.82924911
5079	39.8278614
5080	39.82704318
5081	39.82616408
5082	39.82448507
5083	39.823916
5084	39.6938126
5085	39.6933503
5086	39.68526464
5087	39.68487191
5088	39.67377101
5089	39.67015782
5090	39.66738309
5091	39.65332358
5092	39.65261035
5093	39.64472498
5094	39.64125067
5095	39.63396467
5096	39.62688427
5097	39.6098341
5098	39.60824625
5099	39.60495998
5100	39.60394558
5101	39.59560071
5102	39.59490292
5103	39.58804867
5104	39.5855634
5105	39.58480277
5106	39.58017082
5107	39.57734773
5108	39.5765763
5109	39.57559831
5110	39.55408611
5111	39.55316717
5112	39.54715083
5113	39.53662884
5114	39.53373407
5115	39.53346118
5116	39.53153905
5117	39.52876573
5118	39.51632311
5119	39.51515894
5120	39.51147458
5121	39.51104063
5122	39.50950547
5123	39.50871116
5124	39.5048361
5125	39.50315378
5126	39.502453
5127	39.49490642
5128	39.49260814
5129	39.48937258
5130	39.48764025
5131	39.48078838
5132	39.47636561
5133	39.47022185
5134	39.46645508
5135	39.46452379
5136	39.44122681
5137	39.4376433
5138	39.33050792
5139	39.32928265
5140	39.3231628
5141	39.21141146
5142	39.20505464
5143	39.20418045
5144	39.20401157
5145	39.20311018
5146	39.20270164
5147	39.20221907
5148	39.20142856
5149	39.20130361
5150	39.19867464
5151	39.19853036
5152	39.19521411
5153	39.19476649
5154	39.1921215
5155	39.19150701
5156	39.18770212
5157	39.18637238
5158	39.18111195
5159	39.17846663
5160	39.17807126
5161	39.17638338
5162	39.17183007
5163	39.17022394
5164	39.16890921
5165	39.15572865
5166	39.15547913
5167	39.1551046
5168	39.1532377
5169	39.14831807
5170	39.14481928
5171	39.14437143
5172	39.14369992
5173	39.1419398
5174	39.14148639
5175	39.14097954
5176	39.13214265
5177	39.13051236
5178	39.12924439
5179	39.12453619
5180	39.12235844
5181	39.11738907
5182	39.11447169
5183	39.11211999
5184	39.10731066
5185	39.09351216
5186	39.09267181
5187	39.09257091
5188	39.09171658
5189	39.09084583
5190	39.08520536
5191	39.0469792
5192	39.03971007
5193	39.03902428
5194	39.03812283
5195	39.02698294
5196	39.02391816
5197	39.0232804
5198	39.01969961
5199	39.01889985
5200	39.01481469
5201	39.01030363
5202	38.9116378
5203	38.90968228
5204	38.90264308
5205	38.90019799
5206	38.89997755
5207	38.89766305
5208	38.88750664
5209	38.88627684
5210	38.87330473
5211	38.87265708
5212	38.87186784
5213	38.86916458
5214	38.86863461
5215	38.83980497
5216	38.83096115
5217	38.82761922
5218	38.8131322
5219	38.81258096
5220	38.81066926
5221	38.79901878
5222	38.7965187
5223	38.7956282
5224	38.78950646
5225	38.78338467
5226	38.77868775
5227	38.763128
5228	38.76171455
5229	38.76012451
5230	38.75684269
5231	38.75107964
5232	38.75032192
5233	38.74694718
5234	38.74608339
5235	38.7452911
5236	38.7445089
5237	38.74238595
5238	38.72518573
5239	38.7151866
5240	38.71482334
5241	38.70997786
5242	38.70460594
5243	38.70383394
5244	38.68625338
5245	38.67673085
5246	38.67613341
5247	38.55014769
5248	38.54994991
5249	38.53900776
5250	38.53393993
5251	38.53279495
5252	38.53252393
5253	38.53200476
5254	38.53128343
5255	38.51585
5256	38.51141632
5257	38.51113674
5258	38.50273321
5259	38.50189554
5260	38.49894155
5261	38.48765598
5262	38.48705922
5263	38.48150874
5264	38.47147064
5265	38.47126813
5266	38.45629498
5267	38.44103385
5268	38.43546663
5269	38.37213878
5270	38.3720099
5271	38.36728783
5272	38.36400254
5273	38.36198903
5274	38.36043948
5275	38.3506107
5276	38.33642882
5277	38.30366851
5278	38.3007385
5279	38.10592646
5280	38.02113592
5281	38.00820462
5282	38.00623469
5283	38.0055483
5284	37.99123665
5285	37.96649807
5286	37.84471418
5287	37.84170466
5288	37.84134594
5289	37.83913348
5290	37.8272872
5291	37.82679937
5292	37.81915868
5293	37.81537336
5294	37.80889467
5295	37.80877636
5296	37.74024939
5297	37.73963007
5298	37.71050226
5299	37.70882745
5300	37.70436046
5301	37.69320599
5302	37.63930848
5303	37.62948147
5304	37.62600914
5305	37.62484506
5306	37.61451699
5307	37.61432019
5308	37.60934772
5309	37.60261227
5310	37.59958461
5311	37.59517545
5312	37.58717541
5313	37.57007155
5314	37.56970719
5315	37.56323
5316	37.55941048
5317	37.5592257
5318	37.55844479
5319	37.55539671
5320	37.54732414
5321	37.5450306
5322	37.54222638
5323	37.54133431
5324	37.54071226
5325	37.53710975
5326	37.53538744
5327	37.50114918
5328	37.49913778
5329	37.48598252
5330	37.48449731
5331	37.48303065
5332	37.48230038
5333	37.48011463
5334	37.47461126
5335	37.46679433
5336	37.46166334
5337	37.45833709
5338	37.41649014
5339	37.41538598
5340	37.39396921
5341	37.39090954
5342	37.28007101
5343	37.2789007
5344	37.27586625
5345	37.27290688
5346	37.27230589
5347	37.27159297
5348	37.27084525
5349	37.26907814
5350	37.26837287
5351	37.26713512
5352	37.26670379
5353	37.26334592
5354	37.26158048
5355	37.26034602
5356	37.2543497
5357	37.25261518
5358	37.25119039
5359	37.24922655
5360	37.24600672
5361	37.23188534
5362	37.23033851
5363	37.2226145
5364	37.16592883
5365	37.16220701
5366	37.16168805
5367	37.16119287
5368	37.16099099
5369	37.15104676
5370	37.1496866
5371	37.1487865
5372	37.14830486
5373	37.14685202
5374	37.1464728
5375	37.14623058
5376	37.13210034
5377	37.11935848
5378	37.06934956
5379	36.87013047
5380	36.8438366
5381	36.84278615
5382	36.83415296
5383	36.82363693
5384	36.82301054
5385	36.81644849
5386	36.81117647
5387	36.80706183
5388	36.80395927
5389	36.80086442
5390	36.79954994
5391	36.7954038
5392	36.75293644
5393	36.74243746
5394	36.74229318
5395	36.7415834
5396	36.73964545
5397	36.73878423
5398	36.73762106
5399	36.72482311
5400	36.72416501
5401	36.71448304
5402	36.71392819
5403	36.71225583
5404	36.71140874
5405	36.70794976
5406	36.70595422
5407	36.70096714
5408	36.69617323
5409	36.6783505
5410	36.67429499
5411	36.66844451
5412	36.66720107
5413	36.66552676
5414	36.66024151
5415	36.64643224
5416	36.64100822
5417	36.6294224
5418	36.62147592
5419	36.61763129
5420	36.6094612
5421	36.60860311
5422	36.6077238
5423	36.60450632
5424	36.59996421
5425	36.59931311
5426	36.59610541
5427	36.59344693
5428	36.59250201
5429	36.57193717
5430	36.56878047
5431	36.567852
5432	36.5523045
5433	36.55119596
5434	36.55085767
5435	36.55051936
5436	36.5429775
5437	36.54149946
5438	36.54062509
5439	36.53907969
5440	36.52999808
5441	36.52851587
5442	36.52768377
5443	36.49629343
5444	36.49560073
5445	36.44546417
5446	36.44438045
5447	36.44239089
5448	36.43960323
5449	36.43909192
5450	36.43800261
5451	36.43464343
5452	36.42997996
5453	36.42848225
5454	36.41025801
5455	36.37947475
5456	36.377754
5457	36.37528286
5458	36.37358675
5459	36.36555318
5460	36.36056387
5461	36.35865732
5462	36.35659004
5463	36.35465151
5464	36.35380407
5465	36.34985827
5466	36.34904846
5467	36.34897834
5468	36.34826371
5469	36.3408162
5470	36.33948032
5471	36.3354036
5472	36.33337188
5473	36.33274934
5474	36.33193594
5475	36.33176936
5476	36.33107627
5477	36.33038386
5478	36.3291859
5479	36.32740078
5480	36.32618559
5481	36.3202731
5482	36.30299606
5483	36.28961535
5484	36.28854282
5485	36.27892438
5486	36.27797073
5487	36.27720393
5488	36.26076269
5489	36.25864153
5490	36.25287112
5491	36.25101378
5492	36.23828192
5493	36.23765288
5494	36.23327777
5495	36.23138014
5496	36.21175089
5497	36.21082078
5498	36.21059073
5499	36.20964936
5500	36.2083145
5501	36.20724261
5502	36.20691717
5503	36.20645609
5504	36.2038933
5505	36.203644
5506	36.19963162
5507	36.19853622
5508	36.19812381
5509	36.19731631
5510	36.19441436
5511	36.19370062
5512	36.19319946
5513	36.1919722
5514	36.19157487
5515	36.19034618
5516	36.19014159
5517	36.18560928
5518	36.1809154
5519	36.18045578
5520	36.17492031
5521	36.17444291
5522	36.16997498
5523	36.12813041
5524	36.12727311
5525	36.12614052
5526	36.1258559
5527	36.12489508
5528	36.12334728
5529	36.1178227
5530	36.1173024
5531	36.11632801
5532	36.11553891
5533	36.11540534
5534	36.11323038
5535	36.11114949
5536	36.10958273
5537	36.10758045
5538	36.10743597
5539	36.09963714
5540	36.09950099
5541	36.09892161
5542	36.09506309
5543	36.09176063
5544	36.06857345
5545	36.06647275
5546	36.06630184
5547	36.0631363
5548	36.04797399
5549	36.04668893
5550	36.0354053
5551	36.03242213
5552	36.01949459
5553	36.01928956
5554	36.01903629
5555	36.01862411
5556	36.01821464
5557	36.01431382
5558	36.01370457
5559	36.01309701
5560	36.01176756
5561	35.97567644
5562	35.96661107
5563	35.96464154
5564	35.96371627
5565	35.9630083
5566	35.85759051
5567	35.85048612
5568	35.84913452
5569	35.837594
5570	35.82820941
5571	35.82798613
5572	35.82634629
5573	35.81069739
5574	35.81016166
5575	35.80088349
5576	35.80044496
5577	35.79870549
5578	35.79810122
5579	35.79675752
5580	35.79291853
5581	35.79133084
5582	35.78801594
5583	35.78713308
5584	35.78660523
5585	35.78315879
5586	35.78235194
5587	35.78028098
5588	35.77368736
5589	35.77248002
5590	35.76849642
5591	35.76226742
5592	35.75958554
5593	35.75883306
5594	35.74292046
5595	35.74232823
5596	35.74036178
5597	35.73956946
5598	35.70200122
5599	35.7006312
5600	35.65519701
5601	35.65406039
5602	35.65360715
5603	35.64369714
5604	35.6432028
5605	35.63966966
5606	35.63811415
5607	35.63766179
5608	35.63471093
5609	35.61280946
5610	35.61247848
5611	35.61206757
5612	35.60913253
5613	35.60873606
5614	35.60844216
5615	35.60831726
5616	35.60090463
5617	35.60011265
5618	35.5981245
5619	35.59015003
5620	35.58628589
5621	35.58605187
5622	35.58304411
5623	35.57748326
5624	35.5767304
5625	35.57246092
5626	35.57108011
5627	35.56787215
5628	35.56761781
5629	35.56719092
5630	35.55769544
5631	35.55141532
5632	35.55121555
5633	35.5483404
5634	35.54729559
5635	35.54656265
5636	35.5465173
5637	35.54513613
5638	35.54414376
5639	35.54381139
5640	35.54189851
5641	35.52721523
5642	35.49355444
5643	35.49031067
5644	35.48990769
5645	35.48807922
5646	35.48761895
5647	35.48080297
5648	35.47876043
5649	35.47817762
5650	35.47367413
5651	35.43049683
5652	35.43002931
5653	35.42843063
5654	35.42783141
5655	35.42752482
5656	35.4264021
5657	35.42615745
5658	35.4260558
5659	35.41699533
5660	35.41268796
5661	35.41134299
5662	35.41061687
5663	35.40982358
5664	35.40944846
5665	35.40469692
5666	35.40374565
5667	35.39879412
5668	35.39845035
5669	35.39104243
5670	35.38117923
5671	35.37380191
5672	35.37324233
5673	35.36824774
5674	35.35963589
5675	35.35481374
5676	35.35121501
5677	35.35102331
5678	35.35047372
5679	35.34566908
5680	35.34527807
5681	35.3438658
5682	35.34057759
5683	35.33629021
5684	35.33622168
5685	35.33113268
5686	35.32788298
5687	35.27829306
5688	35.27749653
5689	35.27497596
5690	35.2712537
5691	35.2640308
5692	35.2635754
5693	35.26170835
5694	35.25503931
5695	35.25389933
5696	35.25337696
5697	35.25285692
5698	35.24577834
5699	35.24468513
5700	35.24230231
5701	35.24019267
5702	35.23735311
5703	35.23235707
5704	35.23227294
5705	35.21467263
5706	35.21446604
5707	35.2054004
5708	35.20462294
5709	35.20442326
5710	35.20408431
5711	35.19908512
5712	35.19800257
5713	35.18462545
5714	35.18310555
5715	35.18287572
5716	35.17420364
5717	35.1550828
5718	35.15223795
5719	35.01630682
5720	35.00327976
5721	34.99687323
5722	34.99632857
5723	34.99551623
5724	34.92822029
5725	34.92630942
5726	34.91700885
5727	34.91646834
5728	34.91619027
5729	34.90619201
5730	34.90563849
5731	34.90472576
5732	34.90413592
5733	34.90108502
5734	34.89959285
5735	34.89924635
5736	34.89778166
5737	34.89769913
5738	34.88507902
5739	34.87931182
5740	34.87285064
5741	34.87279432
5742	34.86531505
5743	34.85872598
5744	34.85358566
5745	34.84782138
5746	34.84046264
5747	34.83223643
5748	34.83158661
5749	34.83146916
5750	34.83141564
5751	34.82837964
5752	34.82534213
5753	34.82492633
5754	34.82335989
5755	34.82251506
5756	34.82242848
5757	34.81904032
5758	34.81694427
5759	34.81675396
5760	34.81568878
5761	34.81451347
5762	34.81388368
5763	34.81280971
5764	34.79894906
5765	34.79475399
5766	34.79267881
5767	34.74679956
5768	34.74666834
5769	34.74558731
5770	34.73772524
5771	34.73115355
5772	34.69239606
5773	34.69170417
5774	34.69037705
5775	34.68847183
5776	34.68306246
5777	34.67955332
5778	34.67734744
5779	34.6770681
5780	34.66868302
5781	34.66716129
5782	34.65170848
5783	34.64534048
5784	34.64497394
5785	34.4858357
5786	34.48561892
5787	34.47383763
5788	34.47350181
5789	34.43534923
5790	34.43492163
5791	34.43378436
5792	34.43114082
5793	34.42854743
5794	34.4276998
5795	34.42662467
5796	34.33126177
5797	34.32645617
5798	34.27724264
5799	34.19793078
5800	34.15853633
5801	34.15105819
5802	34.13692965
5803	34.12312612
5804	34.12026818
5805	34.11007765
5806	34.10331138
5807	34.10208883
5808	34.10078755
5809	34.09839155
5810	34.06558151
5811	34.06490386
5812	34.06101306
5813	34.0542773
5814	34.05320505
5815	34.04933806
5816	34.04805521
5817	34.0443043
5818	34.04338498
5819	34.01097685
5820	34.01008881
5821	34.00771704
5822	34.00428158
5823	34.00139421
5824	33.99980311
5825	33.95603243
5826	33.95379005
5827	33.95289134
5828	33.95231245
5829	33.94916136
5830	33.94647938
5831	33.94473968
5832	33.94301575
5833	33.93956969
5834	33.93342126
5835	33.92975614
5836	33.92927866
5837	33.92315045
5838	33.92207061
5839	33.9147737
5840	33.88335488
5841	33.8825021
5842	33.88212051
5843	33.88194307
5844	33.85613563
5845	33.85500849
5846	33.8524504
5847	33.81055915
5848	33.78063504
5849	33.77882884
5850	33.77732383
5851	33.77535175
5852	33.77509276
5853	33.77074389
5854	33.76558811
5855	33.76163804
5856	33.76120648
5857	33.75967659
5858	33.75813769
5859	33.75343975
5860	33.75217873
5861	33.70821604
5862	33.70792345
5863	33.70722475
5864	33.7061928
5865	33.70469622
5866	33.70457952
5867	33.70199727
5868	33.70051794
5869	33.6985717
5870	33.69775192
5871	33.69326166
5872	33.69307434
5873	33.69093199
5874	33.68522379
5875	33.68433901
5876	33.68039056
5877	33.67971205
5878	33.67677086
5879	33.66688452
5880	33.66647906
5881	33.66431908
5882	33.65464863
5883	33.65381209
5884	33.65256577
5885	33.65209637
5886	33.65178251
5887	33.65143661
5888	33.64951604
5889	33.64862512
5890	33.64777121
5891	33.64522608
5892	33.6437186
5893	33.641641
5894	33.63447432
5895	33.63368044
5896	33.62855222
5897	33.6269119
5898	33.62495007
5899	33.62062398
5900	33.61984707
5901	33.613428
5902	33.61012391
5903	33.60229162
5904	33.58961319
5905	33.58832399
5906	33.58733077
5907	33.58684814
5908	33.58424071
5909	33.56957316
5910	33.56847074
5911	33.56766943
5912	33.56702439
5913	33.56346627
5914	33.55914159
5915	33.55533411
5916	33.55455573
5917	33.55387008
5918	33.5504759
5919	33.45488208
5920	33.45097574
5921	33.45003945
5922	33.44998088
5923	33.44937322
5924	33.44644066
5925	33.44564601
5926	33.44475777
5927	33.37666229
5928	33.37642758
5929	33.37257473
5930	33.36252875
5931	33.36237598
5932	33.36204695
5933	33.35337773
5934	33.3493785
5935	33.33910761
5936	33.33141571
5937	33.32598707
5938	33.29502707
5939	33.25684242
5940	33.25555293
5941	33.2462064
5942	33.23907925
5943	33.2358378
5944	33.22866656
5945	33.22729021
5946	33.22702578
5947	33.22694399
5948	33.22026888
5949	33.20434736
5950	33.20427273
5951	33.20410295
5952	33.20338985
5953	33.20180474
5954	33.20031611
5955	33.20025887
5956	33.19823366
5957	33.19004633
5958	33.18544118
5959	33.18134307
5960	33.18055389
5961	33.17892817
5962	33.17730328
5963	33.16088166
5964	33.15877019
5965	33.15838285
5966	33.15761304
5967	33.12769834
5968	33.12581388
5969	33.12571964
5970	33.12482196
5971	33.10328797
5972	33.10182873
5973	33.10149307
5974	33.03738877
5975	33.03715009
5976	33.03609266
5977	33.03558131
5978	32.94421767
5979	32.93626417
5980	32.93536486
5981	32.93523126
5982	32.76790018
5983	32.76561509
5984	32.76431856
5985	32.76388319
5986	32.75678683
5987	32.75638197
5988	32.75614777
5989	32.75472057
5990	32.75368637
5991	32.74449449
5992	32.69665222
5993	32.69380252
5994	32.69346192
5995	32.6932772
5996	32.69222568
5997	32.69218235
5998	32.69196426
5999	32.69156611
6000	32.69055969
6001	32.68901052
6002	32.68821389
6003	32.68609908
6004	32.68591811
6005	32.68448954
6006	32.68438501
6007	32.68129321
6008	32.67151307
6009	32.67092388
6010	32.66985785
6011	32.62539633
6012	32.61535236
6013	32.61528392
6014	32.6132552
6015	32.61151602
6016	32.60087275
6017	32.60084629
6018	32.59291266
6019	32.5809605
6020	32.5454253
6021	32.54417459
6022	32.54333153
6023	32.54297145
6024	32.54124133
6025	32.54034688
6026	32.5392202
6027	32.53641701
6028	32.5352977
6029	32.53495036
6030	32.52741228
6031	32.5085385
6032	32.46251039
6033	32.46231325
6034	32.46187634
6035	32.46109134
6036	32.46011297
6037	32.45712203
6038	32.45678966
6039	32.45496903
6040	32.44018322
6041	32.44013436
6042	32.43737981
6043	32.43735024
6044	32.42414693
6045	32.42232926
6046	32.41812778
6047	32.41722981
6048	32.41718456
6049	32.39943712
6050	32.39495497
6051	32.3949006
6052	32.39052142
6053	32.3826246
6054	32.3824414
6055	32.38208481
6056	32.37897891
6057	32.37340474
6058	32.36909137
6059	32.36853473
6060	32.36560434
6061	32.35898231
6062	32.35388821
6063	32.35360529
6064	32.35171572
6065	32.35112894
6066	32.34888944
6067	32.31888141
6068	32.23926264
6069	32.23280128
6070	32.23198265
6071	32.23055745
6072	32.22783732
6073	32.22511645
6074	32.22497736
6075	32.22286821
6076	32.2220204
6077	32.21946435
6078	32.21921168
6079	32.21758016
6080	32.21552544
6081	32.1676589
6082	32.15182117
6083	32.15078785
6084	32.14956876
6085	32.14666381
6086	32.08879378
6087	32.08777464
6088	32.08759573
6089	32.08706523
6090	32.08533415
6091	32.08503867
6092	32.08007288
6093	32.08004623
6094	32.07838843
6095	32.07562914
6096	32.07559899
6097	32.07381306
6098	32.07227353
6099	32.0693846
6100	32.06891984
6101	32.06801134
6102	32.06705526
6103	32.06031881
6104	32.05963095
6105	32.05907368
6106	32.05703514
6107	32.04719027
6108	32.04638851
6109	32.04611633
6110	32.04509834
6111	32.0395698
6112	32.03805073
6113	32.03630932
6114	32.03474178
6115	32.03322379
6116	32.03250292
6117	32.02427794
6118	32.01610723
6119	32.01337005
6120	32.01258206
6121	32.0116949
6122	31.99898047
6123	31.99839532
6124	31.9959816
6125	31.99442588
6126	31.96073716
6127	31.95996078
6128	31.946272
6129	31.94408321
6130	31.94313644
6131	31.94122178
6132	31.91673306
6133	31.9101494
6134	31.90844034
6135	31.90800705
6136	31.90581957
6137	31.870513
6138	31.86780184
6139	31.86713622
6140	31.86594235
6141	31.86582208
6142	31.86407494
6143	31.86376203
6144	31.85374067
6145	31.85277014
6146	31.85182305
6147	31.85164339
6148	31.82593634
6149	31.82371923
6150	31.82240514
6151	31.82184144
6152	31.82126593
6153	31.82006802
6154	31.81876696
6155	31.81872591
6156	31.81004091
6157	31.80877318
6158	31.80313782
6159	31.8026099
6160	31.77238014
6161	31.77002783
6162	31.72271463
6163	31.7168964
6164	31.71532332
6165	31.71419416
6166	31.71349133
6167	31.71243573
6168	31.71136324
6169	31.70874927
6170	31.70687357
6171	31.70450008
6172	31.70254717
6173	31.70215146
6174	31.70174666
6175	31.70077181
6176	31.69057946
6177	31.68685837
6178	31.65776357
6179	31.65749434
6180	31.65065008
6181	31.64143202
6182	31.6409901
6183	31.62983174
6184	31.62825311
6185	31.61434251
6186	31.61370325
6187	31.61274795
6188	31.61105431
6189	31.61045642
6190	31.61035004
6191	31.58413683
6192	31.58243158
6193	31.58222231
6194	31.5771448
6195	31.57626264
6196	31.57271468
6197	31.57223501
6198	31.57114615
6199	31.56909521
6200	31.56804053
6201	31.55053277
6202	31.54931863
6203	31.54921756
6204	31.54851741
6205	31.54810347
6206	31.54499558
6207	31.54440502
6208	31.54415358
6209	31.54049875
6210	31.53230091
6211	31.5316588
6212	31.52991199
6213	31.52214516
6214	31.52189341
6215	31.52160595
6216	31.52153209
6217	31.51909963
6218	31.51653405
6219	31.51632081
6220	31.51560767
6221	31.51479394
6222	31.5143102
6223	31.5063317
6224	31.50623275
6225	31.50484041
6226	31.50437506
6227	31.5033417
6228	31.50173239
6229	31.50055247
6230	31.4951714
6231	31.49447766
6232	31.49402422
6233	31.49355279
6234	31.47581409
6235	31.37056354
6236	31.36999349
6237	31.36821194
6238	31.3679866
6239	31.3554265
6240	31.35447654
6241	31.35432913
6242	31.35156159
6243	31.34952553
6244	31.34942911
6245	31.3376384
6246	31.33388758
6247	31.32979224
6248	31.3139136
6249	31.31160237
6250	31.25476846
6251	31.25470626
6252	31.25000108
6253	31.24897085
6254	31.24839062
6255	31.24784488
6256	31.21622669
6257	31.21516456
6258	31.21080041
6259	31.20827659
6260	31.20699284
6261	31.203859
6262	31.20293336
6263	31.2025236
6264	31.19659132
6265	31.19623154
6266	31.19563184
6267	31.19281409
6268	31.18680566
6269	31.18450856
6270	31.18424044
6271	31.18179036
6272	31.18119977
6273	31.18099547
6274	31.18053919
6275	31.17988835
6276	31.17963524
6277	31.17398679
6278	31.14339663
6279	31.14252522
6280	31.14141636
6281	31.14107221
6282	31.13830987
6283	31.13627917
6284	31.13401428
6285	31.13306068
6286	31.12788526
6287	31.1259085
6288	31.12376812
6289	31.12302099
6290	31.1223747
6291	31.05750827
6292	31.05663968
6293	31.05639619
6294	31.05583693
6295	31.05453844
6296	31.05391417
6297	31.04617913
6298	31.04229114
6299	31.04188725
6300	31.0371262
6301	31.03312201
6302	31.0328864
6303	31.03219675
6304	31.03162183
6305	31.02946291
6306	31.02620085
6307	31.02561186
6308	31.02459949
6309	31.01950159
6310	31.01905475
6311	31.01865528
6312	31.01143037
6313	31.01138096
6314	31.01011274
6315	31.00175562
6316	31.00132951
6317	31.00071641
6318	30.99861784
6319	30.99536334
6320	30.99480521
6321	30.99362678
6322	30.99339332
6323	30.9929723
6324	30.9922016
6325	30.99058638
6326	30.94050025
6327	30.94017997
6328	30.93288843
6329	30.93256571
6330	30.91446696
6331	30.91395426
6332	30.9139029
6333	30.91357837
6334	30.91324178
6335	30.91289931
6336	30.91278487
6337	30.91249807
6338	30.88251534
6339	30.88234529
6340	30.88218319
6341	30.88022332
6342	30.87966347
6343	30.87198325
6344	30.86565773
6345	30.85432858
6346	30.84919022
6347	30.84715602
6348	30.84707596
6349	30.84361169
6350	30.84268426
6351	30.84202707
6352	30.84077339
6353	30.84012795
6354	30.83365222
6355	30.8318116
6356	30.83169122
6357	30.82863857
6358	30.8232931
6359	30.81836381
6360	30.77813498
6361	30.77755382
6362	30.77116271
6363	30.7710822
6364	30.77022064
6365	30.76919692
6366	30.75937686
6367	30.7578459
6368	30.75743314
6369	30.75704328
6370	30.75684896
6371	30.75659267
6372	30.74119726
6373	30.74095148
6374	30.73627367
6375	30.73532117
6376	30.73058175
6377	30.72807832
6378	30.72483446
6379	30.7232914
6380	30.72285234
6381	30.72237731
6382	30.72000105
6383	30.71948543
6384	30.71443497
6385	30.71389925
6386	30.71215386
6387	30.71046626
6388	30.71033304
6389	30.71008842
6390	30.70960593
6391	30.61263273
6392	30.61239693
6393	30.6119773
6394	30.48114835
6395	30.48066595
6396	30.47644106
6397	30.47609053
6398	30.4759003
6399	30.47497495
6400	30.47195624
6401	30.46962431
6402	30.43627601
6403	30.43508609
6404	30.4283536
6405	30.42782745
6406	30.42610489
6407	30.42597695
6408	30.42512748
6409	30.42482421
6410	30.41978115
6411	30.4191289
6412	30.41444223
6413	30.4141563
6414	30.39972385
6415	30.39947093
6416	30.39687083
6417	30.39164215
6418	30.39025833
6419	30.37901778
6420	30.37797208
6421	30.37640962
6422	30.37442733
6423	30.37316996
6424	30.37166902
6425	30.36469175
6426	30.36452798
6427	30.35914379
6428	30.35207866
6429	30.3519146
6430	30.34858317
6431	30.34821854
6432	30.34183282
6433	30.34133636
6434	30.34100642
6435	30.34062809
6436	30.34052677
6437	30.32576866
6438	30.32431966
6439	30.32414992
6440	30.32385727
6441	30.31152849
6442	30.31111772
6443	30.31000405
6444	30.30964948
6445	30.27613293
6446	30.27597489
6447	30.27282497
6448	30.27278001
6449	30.270398
6450	30.27022123
6451	30.26864822
6452	30.26554161
6453	30.26531601
6454	30.26529517
6455	30.26488384
6456	30.26459322
6457	30.2644498
6458	30.26367841
6459	30.26339099
6460	30.25961491
6461	30.258342
6462	30.25441859
6463	30.25423112
6464	30.227739
6465	30.22744893
6466	30.13323298
6467	30.13240041
6468	30.13214834
6469	30.11044926
6470	30.10253939
6471	30.09450287
6472	30.094288
6473	30.09330658
6474	30.08910234
6475	30.06367954
6476	30.06314788
6477	30.05766746
6478	30.03091171
6479	30.03008113
6480	30.028091
6481	30.02799977
6482	30.0228835
6483	30.02243279
6484	30.01707074
6485	30.00618592
6486	29.9995176
6487	29.99672684
6488	29.96977356
6489	29.96503143
6490	29.95936019
6491	29.95929164
6492	29.88997631
6493	29.85792395
6494	29.85649374
6495	29.79427326
6496	29.78736722
6497	29.78394841
6498	29.71789719
6499	29.71771418
6500	29.71413427
6501	29.71368554
6502	29.71312427
6503	29.71274795
6504	29.68244928
6505	29.67734254
6506	29.65963727
6507	29.65271266
6508	29.65153214
6509	29.65089967
6510	29.65030536
6511	29.64014247
6512	29.64000552
6513	29.63060405
6514	29.58062689
6515	29.57952343
6516	29.48661105
6517	29.48639423
6518	29.47501786
6519	29.47141517
6520	29.47108946
6521	29.45539563
6522	29.45403883
6523	29.44350051
6524	29.43406639
6525	29.43049317
6526	29.43038725
6527	29.42727581
6528	29.42446386
6529	29.42286834
6530	29.42175756
6531	29.42154694
6532	29.41426313
6533	29.4133976
6534	29.4113712
6535	29.40930118
6536	29.40899417
6537	29.40691429
6538	29.40620879
6539	29.40409539
6540	29.38883345
6541	29.38844686
6542	29.38821947
6543	29.38666419
6544	29.38266048
6545	29.37990155
6546	29.3784466
6547	29.37702646
6548	29.37656867
6549	29.3763437
6550	29.37622236
6551	29.37615217
6552	29.37588588
6553	29.37431371
6554	29.37007853
6555	29.3680612
6556	29.36179114
6557	29.36069199
6558	29.35699889
6559	29.35656473
6560	29.35588631
6561	29.35421098
6562	29.35357851
6563	29.35205975
6564	29.35195688
6565	29.33581367
6566	29.33562366
6567	29.33274606
6568	29.33251559
6569	29.33216253
6570	29.33204221
6571	29.32269055
6572	29.32117003
6573	29.31854718
6574	29.31741389
6575	29.31507471
6576	29.3133157
6577	29.30744409
6578	29.30296727
6579	29.30214738
6580	29.30049582
6581	29.29977429
6582	29.2551382
6583	29.25477373
6584	29.24765757
6585	29.2473109
6586	29.24662845
6587	29.24630795
6588	29.24601897
6589	29.23884848
6590	29.2370356
6591	29.21421655
6592	29.21283199
6593	29.18158076
6594	29.18131758
6595	29.14936021
6596	29.14723545
6597	29.14673056
6598	29.14659896
6599	29.14300781
6600	29.1407723
6601	29.14066598
6602	29.07150991
6603	29.07101537
6604	29.0700055
6605	29.06928771
6606	29.02278369
6607	29.01011598
6608	29.00350242
6609	28.99611459
6610	28.99463353
6611	28.99438546
6612	28.99110484
6613	28.98960417
6614	28.98875929
6615	28.98130527
6616	28.9639089
6617	28.84362977
6618	28.8172423
6619	28.81572743
6620	28.80773087
6621	28.79200856
6622	28.7918903
6623	28.79158369
6624	28.77893135
6625	28.77489947
6626	28.76497609
6627	28.75982011
6628	28.75917334
6629	28.75511353
6630	28.75245403
6631	28.75189204
6632	28.74958681
6633	28.74924073
6634	28.74823107
6635	28.74212533
6636	28.71414424
6637	28.70907664
6638	28.70837136
6639	28.70528248
6640	28.70483617
6641	28.69400197
6642	28.63159772
6643	28.63097942
6644	28.63042375
6645	28.62620847
6646	28.62606457
6647	28.62416824
6648	28.62068694
6649	28.61099812
6650	28.59304252
6651	28.59098446
6652	28.58991444
6653	28.58913534
6654	28.58438585
6655	28.58249269
6656	28.56948269
6657	28.56923675
6658	28.56255145
6659	28.55844151
6660	28.54737683
6661	28.5472102
6662	28.53703605
6663	28.53085423
6664	28.5293302
6665	28.52748081
6666	28.51247729
6667	28.49295024
6668	28.48934658
6669	28.48754287
6670	28.48244765
6671	28.45461728
6672	28.45396778
6673	28.45089238
6674	28.44775117
6675	28.44251465
6676	28.4396038
6677	28.43836651
6678	28.4289873
6679	28.42874373
6680	28.41727139
6681	28.41684727
6682	28.41546545
6683	28.41301976
6684	28.41250134
6685	28.39172374
6686	28.38923834
6687	28.38820503
6688	28.38288909
6689	28.37164593
6690	28.35558469
6691	28.35419776
6692	28.35201371
6693	28.35130948
6694	28.34383442
6695	28.33158126
6696	28.33004041
6697	28.32986883
6698	28.32345009
6699	28.32269016
6700	28.29977068
6701	28.29930999
6702	28.29920823
6703	28.28233276
6704	28.27868251
6705	28.27730055
6706	28.26587138
6707	28.26575855
6708	28.26563644
6709	28.24349366
6710	28.24295868
6711	28.24055534
6712	28.24027478
6713	28.23932705
6714	28.23812259
6715	28.23658308
6716	28.23628226
6717	28.23543373
6718	28.22760655
6719	28.22744595
6720	28.22737334
6721	28.22731498
6722	28.21925811
6723	28.2190377
6724	28.217676
6725	28.21751509
6726	28.21743901
6727	28.21110145
6728	28.21090508
6729	28.21002303
6730	28.20987183
6731	28.20326535
6732	28.20247338
6733	28.19907012
6734	28.19904766
6735	28.192773
6736	28.19004163
6737	28.18981744
6738	28.16108716
6739	28.16079141
6740	28.15801139
6741	28.15626558
6742	28.14233135
6743	28.14130355
6744	28.14103506
6745	28.14060561
6746	28.14045637
6747	28.14038746
6748	28.13769308
6749	28.13758228
6750	28.13722842
6751	28.13704511
6752	28.13681188
6753	28.13630634
6754	28.11529246
6755	28.11337583
6756	28.11327486
6757	28.11313061
6758	28.11197807
6759	28.11101306
6760	28.11093708
6761	28.11088846
6762	28.11053429
6763	28.1105217
6764	28.11047843
6765	28.11043659
6766	28.10791032
6767	28.10349731
6768	28.10327111
6769	28.10277312
6770	28.10252847
6771	28.09859238
6772	28.09663004
6773	28.09651636
6774	28.09595617
6775	28.09380976
6776	28.09360504
6777	28.09347708
6778	28.09267909
6779	28.0837367
6780	28.06834518
6781	28.0662172
6782	28.0613619
6783	28.06081024
6784	28.06048979
6785	28.06047442
6786	28.06022482
6787	28.05605393
6788	28.02776405
6789	28.02765775
6790	28.02749356
6791	28.02598347
6792	28.02552295
6793	28.02531902
6794	28.02466577
6795	27.99181697
6796	27.98708245
6797	27.98497966
6798	27.98447493
6799	27.98276469
6800	27.98266369
6801	27.97399846
6802	27.97376152
6803	27.9711299
6804	27.97045936
6805	27.96791321
6806	27.96698654
6807	27.96431063
6808	27.9642014
6809	27.9627751
6810	27.94955971
6811	27.94243689
6812	27.94233498
6813	27.93970158
6814	27.93956532
6815	27.9386753
6816	27.9265731
6817	27.9254392
6818	27.92538247
6819	27.91666335
6820	27.91611061
6821	27.88731309
6822	27.88137463
6823	27.88093115
6824	27.88073616
6825	27.880237
6826	27.87985796
6827	27.86920511
6828	27.86790953
6829	27.86776723
6830	27.86764529
6831	27.86728361
6832	27.85859714
6833	27.85783388
6834	27.83331716
6835	27.83009412
6836	27.8297428
6837	27.82930713
6838	27.82686747
6839	27.81938485
6840	27.81916486
6841	27.8184454
6842	27.80161575
6843	27.80101173
6844	27.80055226
6845	27.79978815
6846	27.79935949
6847	27.79913834
6848	27.79905831
6849	27.79870105
6850	27.79859817
6851	27.77322648
6852	27.77250053
6853	27.77232329
6854	27.77147706
6855	27.76879279
6856	27.76493046
6857	27.75806494
6858	27.75295323
6859	27.74488852
6860	27.74483178
6861	27.74464433
6862	27.74150057
6863	27.74064461
6864	27.73930611
6865	27.73035741
6866	27.73007035
6867	27.72980409
6868	27.72909345
6869	27.72854608
6870	27.72611831
6871	27.71778718
6872	27.71620488
6873	27.71584645
6874	27.69641038
6875	27.69501357
6876	27.69173351
6877	27.68749422
6878	27.6868525
6879	27.686219
6880	27.68610882
6881	27.68518391
6882	27.5967347
6883	27.59635736
6884	27.57667492
6885	27.51327476
6886	27.50558293
6887	27.50284543
6888	27.49853803
6889	27.49623397
6890	27.49546221
6891	27.49250233
6892	27.49116234
6893	27.49093517
6894	27.49051462
6895	27.48902441
6896	27.48816006
6897	27.48068128
6898	27.48059689
6899	27.47685751
6900	27.47607279
6901	27.47227049
6902	27.47105327
6903	27.46791437
6904	27.4665543
6905	27.4652323
6906	27.46319012
6907	27.46308095
6908	27.45772947
6909	27.45498592
6910	27.45368941
6911	27.44611886
6912	27.42537954
6913	27.42181671
6914	27.41987389
6915	27.38984912
6916	27.37536291
6917	27.36882496
6918	27.36763782
6919	27.36717698
6920	27.36391021
6921	27.36305146
6922	27.36224185
6923	27.36165322
6924	27.35840251
6925	27.35548276
6926	27.35378858
6927	27.3534531
6928	27.35247924
6929	27.3523439
6930	27.35188725
6931	27.3484674
6932	27.34833029
6933	27.34794081
6934	27.34401979
6935	27.33787024
6936	27.31959598
6937	27.31872186
6938	27.31845723
6939	27.31545424
6940	27.31353436
6941	27.31214971
6942	27.31085531
6943	27.31017819
6944	27.30787089
6945	27.30771964
6946	27.30760369
6947	27.30756797
6948	27.30518742
6949	27.3014083
6950	27.3008307
6951	27.29999217
6952	27.29930629
6953	27.29906262
6954	27.29876893
6955	27.29866422
6956	27.29565184
6957	27.29122622
6958	27.29079869
6959	27.28981138
6960	27.28894542
6961	27.28826466
6962	27.28701641
6963	27.28614412
6964	27.27447328
6965	27.27235019
6966	27.27223423
6967	27.26934165
6968	27.2686491
6969	27.26787355
6970	27.26405866
6971	27.24567069
6972	27.24554638
6973	27.206409
6974	27.20483643
6975	27.2046777
6976	27.19595906
6977	27.19583822
6978	27.1953413
6979	27.1952522
6980	27.1948339
6981	27.18849325
6982	27.1876055
6983	27.18735911
6984	27.18604497
6985	27.17863186
6986	27.17824056
6987	27.17456497
6988	27.17129442
6989	27.17002035
6990	27.16800603
6991	27.1319083
6992	27.10587557
6993	27.10494216
6994	27.10178199
6995	27.1014672
6996	27.10127225
6997	27.1012482
6998	27.06417247
6999	27.06409295
7000	27.06373065
7001	27.06368162
7002	27.06334093
7003	27.06298947
7004	27.06285183
7005	27.06046393
7006	27.05987003
7007	27.05746046
7008	27.05729089
7009	26.96681078
7010	26.94246141
7011	26.94162508
7012	26.94149156
7013	26.93967815
7014	26.91017699
7015	26.91007134
7016	26.89964021
7017	26.8928693
7018	26.89074824
7019	26.80085045
7020	26.79888673
7021	26.79741631
7022	26.79736136
7023	26.79391032
7024	26.75845488
7025	26.75840163
7026	26.75825153
7027	26.75679648
7028	26.75550878
7029	26.74809404
7030	26.7476967
7031	26.74736019
7032	26.7464983
7033	26.7202896
7034	26.7199656
7035	26.71668181
7036	26.63262856
7037	26.62492531
7038	26.62489519
7039	26.6192999
7040	26.61804351
7041	26.60711783
7042	26.6067745
7043	26.60414604
7044	26.6039561
7045	26.60242147
7046	26.59706778
7047	26.59261385
7048	26.58484513
7049	26.55860579
7050	26.55482907
7051	26.55402267
7052	26.55274333
7053	26.54919454
7054	26.54852061
7055	26.54692526
7056	26.54351594
7057	26.51934722
7058	26.50921323
7059	26.5077032
7060	26.50727357
7061	26.50683989
7062	26.50592768
7063	26.49588964
7064	26.49551848
7065	26.49410253
7066	26.49392841
7067	26.42907184
7068	26.42897182
7069	26.42895511
7070	26.42842532
7071	26.41242619
7072	26.40312942
7073	26.40154086
7074	26.40002919
7075	26.39921454
7076	26.39899053
7077	26.39598217
7078	26.39584908
7079	26.3141205
7080	26.31330484
7081	26.31287648
7082	26.31219256
7083	26.31213392
7084	26.31057861
7085	26.30492294
7086	26.30078505
7087	26.30037929
7088	26.30019775
7089	26.29818902
7090	26.29623536
7091	26.29608008
7092	26.29443259
7093	26.28971251
7094	26.28632368
7095	26.28223689
7096	26.27526898
7097	26.26842962
7098	26.26817377
7099	26.2671529
7100	26.26705378
7101	26.25307731
7102	26.1405299
7103	26.13685185
7104	26.1313686
7105	26.11118256
7106	26.10870563
7107	26.05136799
7108	26.05107086
7109	26.02603389
7110	26.02579034
7111	26.02164928
7112	26.01814338
7113	26.01329041
7114	26.00269698
7115	26.00116957
7116	26.00059283
7117	25.99433759
7118	25.99367732
7119	25.99155605
7120	25.99058694
7121	25.98805785
7122	25.98770348
7123	25.9665346
7124	25.96255653
7125	25.96172666
7126	25.9581822
7127	25.92850095
7128	25.92842596
7129	25.91799068
7130	25.91304361
7131	25.91294481
7132	25.82542331
7133	25.74499268
7134	25.74442099
7135	25.74259281
7136	25.74221458
7137	25.74053125
7138	25.73990737
7139	25.73933813
7140	25.73271927
7141	25.72807965
7142	25.66277276
7143	25.66173844
7144	25.66162544
7145	25.66058124
7146	25.65826892
7147	25.64614896
7148	25.64434801
7149	25.63430931
7150	25.63322662
7151	25.63255727
7152	25.63234105
7153	25.63014747
7154	25.61860257
7155	25.61816337
7156	25.6172486
7157	25.61627918
7158	25.61577877
7159	25.61060451
7160	25.61056717
7161	25.60958152
7162	25.54324985
7163	25.52893586
7164	25.52892706
7165	25.44615535
7166	25.43835254
7167	25.43609747
7168	25.4284496
7169	25.42720942
7170	25.42604923
7171	25.42579377
7172	25.42237606
7173	25.42189747
7174	25.41832979
7175	25.41653241
7176	25.33909253
7177	25.32859943
7178	25.32745141
7179	25.31385804
7180	25.31198183
7181	25.3065643
7182	25.30527034
7183	25.30373273
7184	25.30364037
7185	25.30352782
7186	25.30286031
7187	25.29096756
7188	25.29038239
7189	25.28914162
7190	25.28546381
7191	25.28527947
7192	25.28328123
7193	25.28190815
7194	25.27903399
7195	25.27560104
7196	25.27289965
7197	25.27051722
7198	25.26506498
7199	25.19182346
7200	25.18739986
7201	25.18614521
7202	25.18460014
7203	25.16181075
7204	25.16162362
7205	25.16108858
7206	25.1575199
7207	25.15751546
7208	25.15109626
7209	25.15069625
7210	25.14170989
7211	25.13506867
7212	25.13393989
7213	25.132439
7214	25.13080798
7215	25.13071096
7216	25.12978142
7217	25.12792276
7218	25.12569113
7219	25.11910668
7220	25.11253969
7221	25.11176814
7222	25.10829591
7223	25.10295705
7224	25.10143319
7225	25.09892145
7226	25.09631975
7227	25.09474102
7228	25.09156399
7229	25.09137474
7230	25.08717584
7231	25.08677462
7232	25.06800141
7233	25.06775465
7234	25.06575259
7235	25.06567792
7236	25.06488738
7237	25.0619296
7238	25.05984366
7239	25.05971406
7240	25.05925922
7241	25.0296165
7242	25.02212169
7243	25.0219926
7244	25.01369523
7245	25.01278414
7246	25.01182931
7247	24.97695397
7248	24.97365866
7249	24.97355842
7250	24.97315424
7251	24.97248372
7252	24.96084527
7253	24.96021551
7254	24.95883916
7255	24.95534686
7256	24.94194684
7257	24.93647933
7258	24.9281606
7259	24.91788262
7260	24.91562623
7261	24.91460987
7262	24.91436219
7263	24.91430077
7264	24.90170209
7265	24.90093837
7266	24.89913298
7267	24.89831957
7268	24.89607797
7269	24.89561768
7270	24.89349896
7271	24.88568284
7272	24.88098757
7273	24.87944485
7274	24.87919622
7275	24.87880174
7276	24.87689916
7277	24.85246519
7278	24.85238004
7279	24.85118937
7280	24.85116147
7281	24.84787933
7282	24.77423473
7283	24.7739977
7284	24.77333263
7285	24.77249994
7286	24.77107739
7287	24.76494023
7288	24.76479926
7289	24.76384176
7290	24.76379137
7291	24.75845235
7292	24.75586779
7293	24.75572145
7294	24.74963818
7295	24.74941001
7296	24.74875564
7297	24.7483395
7298	24.74460211
7299	24.74452847
7300	24.73989201
7301	24.73964349
7302	24.73844051
7303	24.73775458
7304	24.73350842
7305	24.73303197
7306	24.73270328
7307	24.7273151
7308	24.71059274
7309	24.70519068
7310	24.70453349
7311	24.70438531
7312	24.70353388
7313	24.70252504
7314	24.70062654
7315	24.69730155
7316	24.69579331
7317	24.68914291
7318	24.68032533
7319	24.65250311
7320	24.59989831
7321	24.59793408
7322	24.59614727
7323	24.59303675
7324	24.5890352
7325	24.58890318
7326	24.58831147
7327	24.58800898
7328	24.58785882
7329	24.5715696
7330	24.57052208
7331	24.56617536
7332	24.56581036
7333	24.56314755
7334	24.56296325
7335	24.56242362
7336	24.56207558
7337	24.55703794
7338	24.55129314
7339	24.55098923
7340	24.55053463
7341	24.54978312
7342	24.54969453
7343	24.54760254
7344	24.54754755
7345	24.54643129
7346	24.54413065
7347	24.54374638
7348	24.54316757
7349	24.54307546
7350	24.53849848
7351	24.53843547
7352	24.53525299
7353	24.53518068
7354	24.52988487
7355	24.52965875
7356	24.52904145
7357	24.5289639
7358	24.52893774
7359	24.52585294
7360	24.52408963
7361	24.5190591
7362	24.51870347
7363	24.41458601
7364	24.41320693
7365	24.41315946
7366	24.41294764
7367	24.41260738
7368	24.41219146
7369	24.4116486
7370	24.34294627
7371	24.34278512
7372	24.33975489
7373	24.33942345
7374	24.33918071
7375	24.33416151
7376	24.33142268
7377	24.33097041
7378	24.32828101
7379	24.3280587
7380	24.32731804
7381	24.32695757
7382	24.32663565
7383	24.32439479
7384	24.32305905
7385	24.32255311
7386	24.32209166
7387	24.32153274
7388	24.32122348
7389	24.32102869
7390	24.31239014
7391	24.31225238
7392	24.31100591
7393	24.31073995
7394	24.30736423
7395	24.30676659
7396	24.30644888
7397	24.30618271
7398	24.30599943
7399	24.30559847
7400	24.30495078
7401	24.30474234
7402	24.2937067
7403	24.29319652
7404	24.28973029
7405	24.28951616
7406	24.28824065
7407	24.28745184
7408	24.28025694
7409	24.27991518
7410	24.2797314
7411	24.25961844
7412	24.25892272
7413	24.25881991
7414	24.25849768
7415	24.25551704
7416	24.25297874
7417	24.25220425
7418	24.25051634
7419	24.25020406
7420	24.22154756
7421	24.22110455
7422	24.2184546
7423	24.21812364
7424	24.21763711
7425	24.21470945
7426	24.21447867
7427	24.21409201
7428	24.21389786
7429	24.20876173
7430	24.20814514
7431	24.2076453
7432	24.204664
7433	24.20181355
7434	24.19930111
7435	24.19853832
7436	24.19812031
7437	24.19776515
7438	24.19712228
7439	24.19692992
7440	24.19210945
7441	24.19144988
7442	24.191364
7443	24.19118218
7444	24.18989012
7445	24.18926546
7446	24.1891643
7447	24.18899129
7448	24.17361049
7449	24.17245841
7450	24.16484382
7451	24.16456377
7452	24.1623921
7453	24.16223876
7454	24.15954779
7455	24.15917462
7456	24.15897924
7457	24.15840487
7458	24.1490642
7459	24.14772173
7460	24.14757134
7461	24.14694995
7462	24.14538739
7463	24.1449209
7464	24.14352579
7465	24.14339973
7466	24.14335063
7467	24.1417405
7468	24.14127271
7469	24.14107646
7470	24.14021363
7471	24.13979765
7472	24.13175853
7473	24.13107974
7474	24.12130802
7475	24.12118636
7476	24.12075308
7477	24.1206601
7478	24.12031332
7479	24.12018505
7480	24.11997624
7481	24.11734303
7482	24.11693525
7483	24.11593959
7484	24.11573556
7485	24.11563028
7486	24.11482825
7487	24.11471197
7488	24.11463228
7489	24.11414273
7490	24.11178852
7491	24.10923116
7492	24.10691085
7493	24.1067087
7494	24.10628397
7495	24.10316213
7496	24.10304456
7497	24.10257331
7498	24.1024107
7499	24.10222383
7500	24.10195524
7501	24.10135381
7502	24.08352223
7503	24.08282136
7504	24.08235522
7505	24.08164893
7506	24.07358869
7507	24.07334881
7508	24.07143563
7509	24.07134288
7510	24.07107644
7511	24.07069469
7512	24.07057298
7513	24.07017302
7514	24.06897448
7515	24.06889896
7516	24.06855914
7517	24.06831045
7518	24.06792809
7519	24.0675206
7520	24.06728308
7521	24.06707159
7522	24.05784424
7523	24.05516575
7524	24.05475009
7525	24.04153766
7526	24.04119119
7527	24.04104288
7528	24.0375443
7529	24.03745127
7530	24.03719992
7531	24.03572565
7532	24.03019835
7533	24.02784875
7534	24.02731937
7535	24.02302157
7536	24.02190379
7537	24.02168112
7538	23.99171029
7539	23.99097848
7540	23.99070336
7541	23.99002168
7542	23.98946112
7543	23.98906308
7544	23.98674828
7545	23.98497298
7546	23.96698623
7547	23.96316362
7548	23.96293862
7549	23.96288968
7550	23.96274078
7551	23.96232113
7552	23.96229545
7553	23.95856803
7554	23.95775696
7555	23.95443608
7556	23.95338913
7557	23.95316898
7558	23.95307113
7559	23.95191831
7560	23.95174681
7561	23.95048858
7562	23.9487668
7563	23.94023501
7564	23.93964638
7565	23.93896852
7566	23.93892944
7567	23.93650997
7568	23.92124276
7569	23.92113417
7570	23.90808918
7571	23.89564037
7572	23.8955409
7573	23.89487287
7574	23.87584096
7575	23.87487948
7576	23.8745688
7577	23.8738137
7578	23.87062845
7579	23.85975395
7580	23.85867459
7581	23.85699653
7582	23.85562246
7583	23.85554657
7584	23.85541184
7585	23.85250401
7586	23.85208614
7587	23.79111051
7588	23.79094622
7589	23.79049471
7590	23.78911975
7591	23.78555189
7592	23.77903777
7593	23.76240152
7594	23.76217522
7595	23.76176301
7596	23.75185283
7597	23.74438478
7598	23.74416819
7599	23.73889658
7600	23.73866084
7601	23.73321066
7602	23.73127148
7603	23.73066889
7604	23.73017783
7605	23.73009422
7606	23.73002779
7607	23.72789249
7608	23.72786656
7609	23.72759721
7610	23.7148574
7611	23.71469562
7612	23.70718757
7613	23.68037751
7614	23.67764399
7615	23.67062356
7616	23.66746107
7617	23.6664681
7618	23.66632966
7619	23.66629034
7620	23.65566283
7621	23.65130763
7622	23.64998641
7623	23.64992912
7624	23.64302206
7625	23.63066356
7626	23.62984784
7627	23.62969101
7628	23.62939962
7629	23.6289704
7630	23.62349677
7631	23.55034636
7632	23.54982021
7633	23.548694
7634	23.54753136
7635	23.54270023
7636	23.53947833
7637	23.52277807
7638	23.51594807
7639	23.51587045
7640	23.51563498
7641	23.51548305
7642	23.51537715
7643	23.51531177
7644	23.51517416
7645	23.51080754
7646	23.51048053
7647	23.51025665
7648	23.50545543
7649	23.50486872
7650	23.50369018
7651	23.50360601
7652	23.50347519
7653	23.50340674
7654	23.50324251
7655	23.50151096
7656	23.50016692
7657	23.49924071
7658	23.49512807
7659	23.49072041
7660	23.49033072
7661	23.4902265
7662	23.4901858
7663	23.48947776
7664	23.48945078
7665	23.48936912
7666	23.48172106
7667	23.47816565
7668	23.47613399
7669	23.47606572
7670	23.47593844
7671	23.47539442
7672	23.47522325
7673	23.47259931
7674	23.47233359
7675	23.4721779
7676	23.47125838
7677	23.47107223
7678	23.47103097
7679	23.47093686
7680	23.46317977
7681	23.45139859
7682	23.44857397
7683	23.44837125
7684	23.44296155
7685	23.43940599
7686	23.43705173
7687	23.43443558
7688	23.43437605
7689	23.43389965
7690	23.43386022
7691	23.4337012
7692	23.431338
7693	23.4309633
7694	23.43087461
7695	23.43054782
7696	23.4280661
7697	23.42782697
7698	23.42770495
7699	23.42764338
7700	23.41540471
7701	23.41504173
7702	23.41484583
7703	23.41480367
7704	23.41272205
7705	23.41241432
7706	23.41095779
7707	23.41020015
7708	23.4089641
7709	23.40872359
7710	23.4005317
7711	23.3973872
7712	23.39449935
7713	23.37118491
7714	23.3680209
7715	23.3639667
7716	23.34471699
7717	23.34409502
7718	23.33912166
7719	23.33900695
7720	23.33717713
7721	23.33439707
7722	23.33218409
7723	23.33120061
7724	23.33089842
7725	23.32631116
7726	23.32492187
7727	23.32125365
7728	23.31229985
7729	23.31197325
7730	23.30996908
7731	23.3096322
7732	23.30208026
7733	23.30018692
7734	23.30010987
7735	23.29947287
7736	23.29901139
7737	23.29886424
7738	23.29853835
7739	23.29836801
7740	23.29764325
7741	23.29753743
7742	23.28176396
7743	23.27899292
7744	23.25619253
7745	23.2559676
7746	23.25475704
7747	23.25426052
7748	23.25418237
7749	23.25379276
7750	23.25326406
7751	23.2531018
7752	23.23576395
7753	23.23489737
7754	23.23470277
7755	23.23199772
7756	23.23168975
7757	23.23158694
7758	23.23037118
7759	23.22717653
7760	23.22689336
7761	23.22667459
7762	23.22149932
7763	23.22030602
7764	23.22020169
7765	23.21692302
7766	23.2160301
7767	23.21574623
7768	23.21132299
7769	23.21114856
7770	23.20967184
7771	23.2094161
7772	23.20705121
7773	23.2049581
7774	23.20113338
7775	23.20043621
7776	23.19842551
7777	23.19806889
7778	23.18757561
7779	23.18749942
7780	23.17594299
7781	23.17549213
7782	23.17529683
7783	23.17399807
7784	23.1739524
7785	23.17378434
7786	23.16639339
7787	23.16602871
7788	23.16586182
7789	23.16480108
7790	23.15868475
7791	23.15760517
7792	23.15739045
7793	23.1572646
7794	23.1366036
7795	23.13387512
7796	23.13174668
7797	23.13159397
7798	23.12947703
7799	23.12940582
7800	23.1110834
7801	23.11043946
7802	23.11038292
7803	23.10999831
7804	23.10837974
7805	23.10743728
7806	23.10596485
7807	23.10569487
7808	23.10369918
7809	23.09739376
7810	23.08883388
7811	23.08707361
7812	23.08377604
7813	23.08322748
7814	23.0799365
7815	23.07974931
7816	23.0796264
7817	23.07958803
7818	23.07838699
7819	23.078169
7820	23.0762928
7821	23.07612508
7822	23.06751617
7823	23.06395387
7824	23.06170809
7825	23.06091026
7826	23.05830059
7827	23.05320387
7828	23.05278064
7829	23.04874623
7830	23.04858939
7831	23.04836127
7832	23.04816738
7833	23.02794095
7834	23.0265036
7835	23.02417885
7836	23.02180042
7837	23.02112954
7838	23.01954298
7839	22.957436
7840	22.95710223
7841	22.95575737
7842	22.95474509
7843	22.9536948
7844	22.95349973
7845	22.95130677
7846	22.95113782
7847	22.9479976
7848	22.93703068
7849	22.93384116
7850	22.93310646
7851	22.92190061
7852	22.92096597
7853	22.92084524
7854	22.91968311
7855	22.91775024
7856	22.91768482
7857	22.91742219
7858	22.9172148
7859	22.91713152
7860	22.91665161
7861	22.91551087
7862	22.91528781
7863	22.91433375
7864	22.9141334
7865	22.91408219
7866	22.91324616
7867	22.91298048
7868	22.91292107
7869	22.91233737
7870	22.91228252
7871	22.9117604
7872	22.91155008
7873	22.9109557
7874	22.91078112
7875	22.90341637
7876	22.90325938
7877	22.9030539
7878	22.9026729
7879	22.90252686
7880	22.90113044
7881	22.900302
7882	22.89773566
7883	22.89728315
7884	22.88577222
7885	22.88464569
7886	22.88258499
7887	22.88232329
7888	22.87137592
7889	22.87107741
7890	22.87068919
7891	22.86875652
7892	22.8675484
7893	22.86740642
7894	22.86602611
7895	22.86590079
7896	22.86482037
7897	22.86453172
7898	22.86431049
7899	22.85993175
7900	22.85947474
7901	22.85861058
7902	22.85834435
7903	22.85799738
7904	22.78634399
7905	22.78616361
7906	22.78518221
7907	22.78473787
7908	22.78461675
7909	22.78072602
7910	22.78046993
7911	22.77999303
7912	22.77802802
7913	22.7772697
7914	22.77357415
7915	22.7734048
7916	22.7732183
7917	22.77311634
7918	22.76218667
7919	22.76166041
7920	22.76036659
7921	22.75911092
7922	22.75670827
7923	22.75571338
7924	22.75555776
7925	22.75531736
7926	22.75290028
7927	22.74734438
7928	22.74359993
7929	22.74322236
7930	22.74243337
7931	22.74174804
7932	22.74159935
7933	22.74137393
7934	22.74096903
7935	22.73975967
7936	22.73897548
7937	22.72885353
7938	22.72866936
7939	22.72853428
7940	22.7284384
7941	22.72720682
7942	22.72553235
7943	22.72538243
7944	22.72350227
7945	22.7223838
7946	22.72113164
7947	22.71886036
7948	22.71859717
7949	22.71830021
7950	22.7181148
7951	22.71802678
7952	22.71768316
7953	22.71702849
7954	22.71695054
7955	22.71574804
7956	22.71511334
7957	22.71490667
7958	22.70220742
7959	22.69908111
7960	22.6989033
7961	22.69881442
7962	22.69873235
7963	22.69839592
7964	22.69765742
7965	22.69482043
7966	22.69339613
7967	22.69258656
7968	22.69195097
7969	22.6912459
7970	22.69091475
7971	22.69052733
7972	22.69025703
7973	22.69000481
7974	22.68922617
7975	22.68275033
7976	22.68068274
7977	22.67667026
7978	22.61459714
7979	22.61449212
7980	22.61430998
7981	22.612965
7982	22.61124538
7983	22.60891273
7984	22.6071426
7985	22.60607998
7986	22.60589329
7987	22.60264554
7988	22.60256851
7989	22.60249757
7990	22.60128344
7991	22.6011729
7992	22.59778151
7993	22.59748925
7994	22.59528273
7995	22.5861253
7996	22.5848879
7997	22.58419005
7998	22.58351228
7999	22.5816845
8000	22.5814074
8001	22.58132714
8002	22.58031799
8003	22.57880346
8004	22.57869165
8005	22.57861329
8006	22.55481906
8007	22.55479948
8008	22.55436956
8009	22.55425901
8010	22.5525636
8011	22.55187533
8012	22.55183383
8013	22.53472334
8014	22.53423386
8015	22.52618238
8016	22.52589905
8017	22.52522562
8018	22.46427239
8019	22.40499057
8020	22.40395666
8021	22.4033233
8022	22.4019155
8023	22.4018865
8024	22.40176028
8025	22.39099875
8026	22.39009113
8027	22.38993216
8028	22.38665938
8029	22.32895763
8030	22.32733034
8031	22.32707409
8032	22.32691553
8033	22.32604048
8034	22.3258361
8035	22.32531122
8036	22.32509124
8037	22.31911001
8038	22.31863865
8039	22.3184862
8040	22.31839193
8041	22.26348762
8042	22.25635239
8043	22.2536269
8044	22.22128145
8045	22.22121305
8046	22.21861184
8047	22.14956185
8048	22.13056544
8049	22.12886715
8050	22.12862706
8051	22.12825781
8052	22.12772971
8053	22.12740124
8054	22.12726352
8055	22.12710031
8056	22.1261021
8057	22.12595477
8058	22.11992686
8059	22.11879121
8060	22.11779576
8061	22.0942999
8062	22.06979751
8063	22.06954925
8064	22.06816563
8065	22.05320153
8066	22.04492047
8067	22.04215984
8068	22.041647
8069	21.9911308
8070	21.99103352
8071	21.99065818
8072	21.990541
8073	21.98681368
8074	21.97811825
8075	21.97690528
8076	21.97676036
8077	21.9549931
8078	21.95485295
8079	21.95416718
8080	21.9525453
8081	21.95212182
8082	21.94459587
8083	21.93026987
8084	21.92926316
8085	21.92897033
8086	21.92707694
8087	21.92670153
8088	21.92643023
8089	21.92598888
8090	21.92591713
8091	21.92017837
8092	21.92015503
8093	21.90036699
8094	21.89922938
8095	21.89913544
8096	21.89911905
8097	21.89795404
8098	21.89650212
8099	21.89641459
8100	21.89578111
8101	21.89559886
8102	21.8954927
8103	21.88903547
8104	21.88863302
8105	21.88635754
8106	21.883885
8107	21.88380376
8108	21.88319846
8109	21.88216471
8110	21.88187472
8111	21.87623366
8112	21.87548596
8113	21.87134357
8114	21.86599707
8115	21.86512898
8116	21.80949283
8117	21.8091799
8118	21.80875735
8119	21.8083157
8120	21.8077378
8121	21.80571194
8122	21.79549831
8123	21.79518058
8124	21.78884117
8125	21.78864035
8126	21.78833721
8127	21.78658804
8128	21.78640899
8129	21.78551019
8130	21.785078
8131	21.78448826
8132	21.78348999
8133	21.78040262
8134	21.77527232
8135	21.77314636
8136	21.7720833
8137	21.7698847
8138	21.76968162
8139	21.7694554
8140	21.76932739
8141	21.76907239
8142	21.76885357
8143	21.766599
8144	21.76482372
8145	21.76467414
8146	21.76450554
8147	21.76422641
8148	21.76018065
8149	21.75998007
8150	21.75761484
8151	21.75563413
8152	21.75552264
8153	21.75438655
8154	21.72354846
8155	21.71950123
8156	21.71252629
8157	21.71229854
8158	21.71220466
8159	21.71033205
8160	21.70850139
8161	21.70610825
8162	21.69685893
8163	21.69439484
8164	21.69126738
8165	21.68733276
8166	21.68696286
8167	21.68659384
8168	21.68638308
8169	21.68622085
8170	21.67438904
8171	21.67425415
8172	21.67388016
8173	21.67373493
8174	21.67213722
8175	21.67196641
8176	21.67188854
8177	21.671559
8178	21.67085928
8179	21.67046752
8180	21.67044357
8181	21.66980431
8182	21.66905853
8183	21.66893714
8184	21.62716976
8185	21.62676243
8186	21.62664408
8187	21.62651707
8188	21.62605997
8189	21.62531894
8190	21.62529139
8191	21.62507183
8192	21.6139144
8193	21.61380213
8194	21.61188773
8195	21.61178994
8196	21.61138939
8197	21.61109807
8198	21.61084989
8199	21.61074374
8200	21.61060465
8201	21.60913211
8202	21.6084355
8203	21.60657337
8204	21.59984109
8205	21.59951953
8206	21.5971698
8207	21.59699297
8208	21.59451677
8209	21.59118606
8210	21.59084816
8211	21.58816475
8212	21.58246261
8213	21.58104558
8214	21.57914945
8215	21.57867958
8216	21.57747214
8217	21.50516724
8218	21.50492341
8219	21.50473059
8220	21.50464021
8221	21.50457126
8222	21.50375418
8223	21.50318372
8224	21.50315179
8225	21.50295593
8226	21.50022597
8227	21.49733637
8228	21.49512429
8229	21.49508918
8230	21.49492947
8231	21.49448488
8232	21.49435154
8233	21.49421951
8234	21.49388569
8235	21.49369118
8236	21.49314605
8237	21.4911578
8238	21.48256743
8239	21.48239466
8240	21.47926919
8241	21.47834113
8242	21.47820352
8243	21.47812231
8244	21.47801423
8245	21.47779509
8246	21.46323696
8247	21.45962678
8248	21.45941136
8249	21.45901172
8250	21.45684942
8251	21.45682273
8252	21.4562621
8253	21.45398938
8254	21.45392507
8255	21.45198842
8256	21.45195189
8257	21.45094891
8258	21.45079471
8259	21.45063913
8260	21.45054673
8261	21.43993091
8262	21.43988235
8263	21.43856613
8264	21.43838344
8265	21.43782113
8266	21.43776954
8267	21.43771818
8268	21.43430734
8269	21.43419034
8270	21.43411254
8271	21.43391995
8272	21.43376139
8273	21.43370624
8274	21.43365856
8275	21.43355754
8276	21.43308571
8277	21.43261904
8278	21.43249171
8279	21.43244829
8280	21.43217552
8281	21.43101383
8282	21.43089325
8283	21.41045778
8284	21.36180864
8285	21.35719569
8286	21.35694151
8287	21.35655529
8288	21.35581005
8289	21.3557071
8290	21.35564495
8291	21.35241709
8292	21.35229996
8293	21.35205294
8294	21.35200216
8295	21.35166332
8296	21.35151081
8297	21.35145082
8298	21.35044668
8299	21.35030228
8300	21.35023164
8301	21.35009334
8302	21.34356874
8303	21.34336632
8304	21.34333508
8305	21.33842478
8306	21.33838956
8307	21.33827152
8308	21.33819665
8309	21.33488696
8310	21.33486517
8311	21.33482819
8312	21.32626912
8313	21.32580837
8314	21.32425619
8315	21.32416536
8316	21.32364147
8317	21.32213285
8318	21.31710035
8319	21.3164659
8320	21.31643419
8321	21.31294086
8322	21.31291766
8323	21.31286394
8324	21.31163562
8325	21.31104746
8326	21.31086153
8327	21.31085342
8328	21.31007253
8329	21.30992809
8330	21.30625481
8331	21.3053392
8332	21.30532043
8333	21.30430098
8334	21.3037071
8335	21.30305032
8336	21.30292136
8337	21.29710393
8338	21.29697432
8339	21.29692236
8340	21.29684838
8341	21.29634723
8342	21.29617782
8343	21.29591961
8344	21.29589985
8345	21.29480716
8346	21.2947918
8347	21.27393876
8348	21.26473669
8349	21.26402047
8350	21.26390668
8351	21.26033452
8352	21.26018645
8353	21.25991325
8354	21.23149788
8355	21.15979383
8356	21.1595606
8357	21.1587359
8358	21.13443759
8359	21.13373592
8360	21.13349679
8361	21.13313721
8362	21.13304828
8363	21.13227789
8364	21.13206252
8365	21.13204719
8366	21.13158458
8367	21.13152767
8368	21.13134069
8369	21.13009324
8370	21.12984722
8371	21.12959372
8372	21.12931838
8373	21.12482966
8374	21.11788856
8375	21.11684307
8376	21.06884682
8377	21.06815414
8378	21.06812651
8379	21.06759758
8380	21.06736983
8381	21.06732561
8382	21.06632382
8383	20.99757984
8384	20.9967405
8385	20.99543957
8386	20.99526134
8387	20.99482303
8388	20.94301344
8389	20.94255919
8390	20.93885793
8391	20.93808109
8392	20.93800273
8393	20.93758829
8394	20.93729643
8395	20.93714662
8396	20.93686882
8397	20.93235832
8398	20.93148438
8399	20.9314249
8400	20.92145243
8401	20.92091817
8402	20.92013313
8403	20.92010895
8404	20.91990914
8405	20.91955681
8406	20.91895299
8407	20.91083848
8408	20.91081379
8409	20.91065297
8410	20.91056057
8411	20.9011802
8412	20.89995581
8413	20.89988127
8414	20.89972132
8415	20.89958169
8416	20.89825117
8417	20.89766641
8418	20.89253341
8419	20.88930376
8420	20.88890918
8421	20.88720324
8422	20.88591979
8423	20.88531182
8424	20.88501855
8425	20.86431152
8426	20.86357494
8427	20.85624976
8428	20.8545031
8429	20.8432475
8430	20.8431152
8431	20.84278266
8432	20.84204596
8433	20.83762852
8434	20.83084898
8435	20.82498594
8436	20.82485517
8437	20.8248239
8438	20.82297447
8439	20.79809311
8440	20.78721056
8441	20.78564501
8442	20.78492856
8443	20.78468839
8444	20.76936875
8445	20.76864478
8446	20.76850137
8447	20.76830503
8448	20.76753504
8449	20.7672615
8450	20.76645642
8451	20.75515623
8452	20.75316405
8453	20.75303932
8454	20.75018714
8455	20.75015645
8456	20.7313217
8457	20.72976496
8458	20.72054189
8459	20.71998899
8460	20.71769684
8461	20.7144731
8462	20.71401994
8463	20.71231103
8464	20.71174974
8465	20.71164646
8466	20.7092868
8467	20.70909919
8468	20.70870213
8469	20.70800953
8470	20.70750834
8471	20.70708032
8472	20.70689975
8473	20.70557634
8474	20.7055614
8475	20.70528755
8476	20.70509343
8477	20.69695607
8478	20.69620646
8479	20.69580328
8480	20.69483287
8481	20.68839957
8482	20.68653127
8483	20.67717743
8484	20.67716889
8485	20.67708376
8486	20.62769156
8487	20.62753119
8488	20.62725372
8489	20.625993
8490	20.62546559
8491	20.62437144
8492	20.62288758
8493	20.62121714
8494	20.62116786
8495	20.62108226
8496	20.62091508
8497	20.61968043
8498	20.61961032
8499	20.61807351
8500	20.61182636
8501	20.61149093
8502	20.60296161
8503	20.60184811
8504	20.60177548
8505	20.60172989
8506	20.59476823
8507	20.59469215
8508	20.59420767
8509	20.59251839
8510	20.59169626
8511	20.59161565
8512	20.5915543
8513	20.59095726
8514	20.58998519
8515	20.58984477
8516	20.58978094
8517	20.58617722
8518	20.58602965
8519	20.58505166
8520	20.584961
8521	20.58478867
8522	20.58442284
8523	20.58432716
8524	20.58431239
8525	20.58281424
8526	20.5808962
8527	20.5785549
8528	20.57775876
8529	20.56625194
8530	20.56617967
8531	20.56612446
8532	20.56606014
8533	20.55415308
8534	20.55222133
8535	20.55081883
8536	20.55059773
8537	20.55025542
8538	20.54842356
8539	20.54829808
8540	20.54796512
8541	20.54778889
8542	20.54758649
8543	20.54732226
8544	20.54696275
8545	20.54680245
8546	20.54533221
8547	20.54457473
8548	20.54444575
8549	20.54348287
8550	20.54321224
8551	20.54303648
8552	20.54292384
8553	20.54267356
8554	20.54233153
8555	20.54193776
8556	20.54161345
8557	20.53522866
8558	20.53355616
8559	20.53351688
8560	20.53317124
8561	20.53276513
8562	20.53230164
8563	20.53185919
8564	20.53164849
8565	20.53069925
8566	20.53016048
8567	20.52849901
8568	20.52787674
8569	20.5276056
8570	20.52751543
8571	20.50788743
8572	20.5068203
8573	20.50671772
8574	20.5066059
8575	20.50615678
8576	20.50389058
8577	20.50325378
8578	20.50256161
8579	20.50162692
8580	20.50108445
8581	20.50099827
8582	20.50066226
8583	20.50062677
8584	20.49878017
8585	20.49848153
8586	20.49554638
8587	20.48758034
8588	20.48503409
8589	20.4847957
8590	20.48453507
8591	20.48418557
8592	20.46916825
8593	20.46668401
8594	20.46663205
8595	20.46252931
8596	20.460917
8597	20.45736125
8598	20.44815798
8599	20.44728343
8600	20.44258842
8601	20.40186776
8602	20.39862599
8603	20.39837086
8604	20.39802598
8605	20.39791761
8606	20.39765396
8607	20.35863369
8608	20.35848909
8609	20.35826624
8610	20.34565739
8611	20.34546471
8612	20.3453961
8613	20.34499424
8614	20.34414787
8615	20.33291871
8616	20.33242271
8617	20.33218811
8618	20.33213906
8619	20.33201201
8620	20.3305643
8621	20.3303725
8622	20.32850939
8623	20.32841504
8624	20.32671141
8625	20.32602923
8626	20.3258804
8627	20.32565214
8628	20.32332847
8629	20.31988027
8630	20.31938964
8631	20.31833277
8632	20.31758763
8633	20.31732814
8634	20.31367657
8635	20.31264881
8636	20.31214417
8637	20.30903895
8638	20.30584312
8639	20.30482332
8640	20.30471045
8641	20.30414993
8642	20.30090663
8643	20.24507054
8644	20.2445887
8645	20.2420822
8646	20.24092318
8647	20.24077856
8648	20.24060098
8649	20.23876534
8650	20.23750077
8651	20.23742628
8652	20.23698131
8653	20.23691392
8654	20.23597385
8655	20.23342377
8656	20.23332943
8657	20.23303358
8658	20.23275558
8659	20.21075208
8660	20.20998827
8661	20.20992687
8662	20.20834303
8663	20.20675263
8664	20.2008568
8665	20.19684548
8666	20.19666562
8667	20.19649649
8668	20.19552248
8669	20.19205066
8670	20.1919527
8671	20.18879208
8672	20.18865223
8673	20.17482186
8674	20.17466878
8675	20.16646379
8676	20.14955436
8677	20.14952061
8678	20.14809006
8679	20.14717988
8680	20.14402829
8681	20.14374219
8682	20.1430774
8683	20.13874135
8684	20.1363446
8685	20.13627211
8686	20.13609237
8687	20.13231541
8688	20.12408615
8689	20.12218783
8690	20.12203862
8691	20.12142483
8692	20.12100666
8693	20.11504732
8694	20.11343669
8695	20.11330928
8696	20.11328471
8697	20.11169491
8698	20.11159869
8699	20.10283775
8700	20.10194554
8701	20.10183523
8702	20.09905464
8703	20.05924773
8704	20.05921728
8705	20.05913724
8706	20.05908346
8707	20.05895501
8708	20.05889535
8709	20.05688803
8710	20.0563712
8711	20.05622367
8712	20.05618048
8713	20.05376963
8714	20.0535885
8715	20.05319549
8716	20.05258888
8717	20.05255002
8718	20.04208256
8719	20.04195495
8720	20.04190688
8721	20.04164807
8722	20.03940333
8723	20.03884149
8724	20.03667425
8725	20.01681142
8726	20.01616461
8727	20.01576542
8728	20.01516956
8729	20.00750845
8730	20.00614959
8731	20.00524769
8732	20.00467648
8733	19.99972278
8734	19.99959533
8735	19.99885746
8736	19.99771322
8737	19.99729512
8738	19.99721318
8739	19.99578295
8740	19.99562728
8741	19.99532749
8742	19.99471141
8743	19.99461717
8744	19.99448527
8745	19.99296833
8746	19.9928765
8747	19.99198507
8748	19.99003307
8749	19.98776295
8750	19.98640011
8751	19.98311329
8752	19.98153972
8753	19.98147643
8754	19.98104212
8755	19.97311007
8756	19.97297528
8757	19.97239342
8758	19.97234597
8759	19.97224738
8760	19.97208162
8761	19.94642145
8762	19.94628391
8763	19.90824188
8764	19.90689649
8765	19.90665385
8766	19.90662068
8767	19.904958
8768	19.89541765
8769	19.89517703
8770	19.8886153
8771	19.88659111
8772	19.88641836
8773	19.88636377
8774	19.88500238
8775	19.88487746
8776	19.88374501
8777	19.88363747
8778	19.88265267
8779	19.8826191
8780	19.88250511
8781	19.88225456
8782	19.88080359
8783	19.88073418
8784	19.88014487
8785	19.8775102
8786	19.87746829
8787	19.86897966
8788	19.86884895
8789	19.86475303
8790	19.8646072
8791	19.86304178
8792	19.8629286
8793	19.86290327
8794	19.86147033
8795	19.86020607
8796	19.8601289
8797	19.85765792
8798	19.85738418
8799	19.85731268
8800	19.8572068
8801	19.85580927
8802	19.85543675
8803	19.85490135
8804	19.85442428
8805	19.85280216
8806	19.85237556
8807	19.84426601
8808	19.84412981
8809	19.7928294
8810	19.79276375
8811	19.79050828
8812	19.78532448
8813	19.78195953
8814	19.78159935
8815	19.78127367
8816	19.77971618
8817	19.77786906
8818	19.77465318
8819	19.77385735
8820	19.77241531
8821	19.77165764
8822	19.77158593
8823	19.77046657
8824	19.77030895
8825	19.76986528
8826	19.76883531
8827	19.76739746
8828	19.76725329
8829	19.7671955
8830	19.76397294
8831	19.76384101
8832	19.76163137
8833	19.76036998
8834	19.7602921
8835	19.75973162
8836	19.75947826
8837	19.75753176
8838	19.75704531
8839	19.75443897
8840	19.75374433
8841	19.75365577
8842	19.75353714
8843	19.75342364
8844	19.75334667
8845	19.75300444
8846	19.75127267
8847	19.74697704
8848	19.74692576
8849	19.7466656
8850	19.74624055
8851	19.74388183
8852	19.73708378
8853	19.736027
8854	19.73591213
8855	19.73565865
8856	19.73552919
8857	19.73541587
8858	19.73488904
8859	19.73378821
8860	19.73299452
8861	19.72422531
8862	19.72415708
8863	19.72170356
8864	19.72162532
8865	19.72046774
8866	19.72018211
8867	19.71931739
8868	19.71638702
8869	19.71626395
8870	19.715986
8871	19.71596954
8872	19.71550576
8873	19.71533887
8874	19.71274133
8875	19.71198605
8876	19.71189314
8877	19.69314965
8878	19.69310182
8879	19.69127279
8880	19.69116371
8881	19.68951237
8882	19.68621934
8883	19.68564689
8884	19.6854748
8885	19.68501691
8886	19.68220674
8887	19.68217098
8888	19.68167722
8889	19.68034895
8890	19.68012741
8891	19.67909695
8892	19.67894938
8893	19.67887791
8894	19.67874883
8895	19.62351538
8896	19.62132669
8897	19.62125624
8898	19.62121657
8899	19.62071632
8900	19.57437679
8901	19.57348917
8902	19.57034558
8903	19.56947879
8904	19.56944908
8905	19.56882264
8906	19.56880887
8907	19.568188
8908	19.56804483
8909	19.56730825
8910	19.56674323
8911	19.56627489
8912	19.566219
8913	19.56093468
8914	19.55905299
8915	19.5589315
8916	19.5588201
8917	19.55878843
8918	19.5559555
8919	19.5556067
8920	19.5555227
8921	19.55532379
8922	19.54723563
8923	19.54715087
8924	19.5471222
8925	19.54675557
8926	19.54665933
8927	19.54639567
8928	19.54636124
8929	19.54631365
8930	19.54623764
8931	19.54505631
8932	19.54386121
8933	19.54373743
8934	19.53102483
8935	19.52989735
8936	19.52779881
8937	19.52771922
8938	19.52760877
8939	19.48246278
8940	19.47824733
8941	19.47792129
8942	19.47773556
8943	19.47748782
8944	19.47746969
8945	19.47725847
8946	19.47720901
8947	19.43322057
8948	19.42815453
8949	19.38226283
8950	19.38075642
8951	19.38067285
8952	19.37715891
8953	19.37520096
8954	19.37510278
8955	19.37490392
8956	19.36705602
8957	19.36229887
8958	19.36225569
8959	19.3562938
8960	19.3560073
8961	19.35564633
8962	19.35045096
8963	19.34212516
8964	19.34171801
8965	19.34170804
8966	19.34154163
8967	19.34147885
8968	19.33802057
8969	19.33047936
8970	19.33006847
8971	19.32928137
8972	19.32107993
8973	19.31855989
8974	19.31853637
8975	19.31841327
8976	19.31580945
8977	19.31274813
8978	19.31270106
8979	19.31242542
8980	19.31014707
8981	19.30840093
8982	19.28041743
8983	19.28038173
8984	19.28034178
8985	19.27971663
8986	19.27970313
8987	19.27964656
8988	19.27793462
8989	19.27788798
8990	19.2663202
8991	19.26618689
8992	19.2658434
8993	19.26580867
8994	19.26473703
8995	19.26428228
8996	19.26383193
8997	19.26329446
8998	19.26297135
8999	19.25946971
9000	19.25875887
9001	19.25874098
9002	19.25844484
9003	19.25839559
9004	19.25818015
9005	19.25786003
9006	19.25600613
9007	19.2559666
9008	19.25573201
9009	19.24325167
9010	19.24217603
9011	19.24187905
9012	19.24182975
9013	19.24057864
9014	19.24029319
9015	19.23464804
9016	19.2285843
9017	19.22830737
9018	19.22563122
9019	19.2253903
9020	19.22483078
9021	19.22466465
9022	19.22363204
9023	19.223565
9024	19.2215577
9025	19.20782546
9026	19.18185843
9027	19.16471589
9028	19.16314794
9029	19.12287673
9030	19.12277852
9031	19.12267132
9032	19.12248131
9033	19.12152812
9034	19.12123481
9035	19.1212139
9036	19.12030412
9037	19.12026613
9038	19.12022606
9039	19.11842894
9040	19.11784643
9041	19.11226358
9042	19.11172347
9043	19.11160513
9044	19.11156548
9045	19.02035462
9046	19.01936807
9047	19.01885821
9048	19.01785449
9049	19.01731688
9050	19.0172199
9051	19.01717272
9052	19.01714321
9053	19.01667693
9054	19.01661979
9055	19.01659282
9056	19.01551678
9057	19.01533908
9058	19.01510081
9059	19.01450627
9060	19.01438208
9061	19.01359934
9062	19.01357788
9063	19.01354464
9064	19.01340192
9065	18.99823907
9066	18.99821076
9067	18.9968412
9068	18.99670062
9069	18.99661807
9070	18.99187981
9071	18.99004315
9072	18.98552828
9073	18.98503337
9074	18.98494214
9075	18.977626
9076	18.97682038
9077	18.97060227
9078	18.97049042
9079	18.970079
9080	18.97004597
9081	18.96929482
9082	18.95845805
9083	18.95844868
9084	18.95177941
9085	18.95103264
9086	18.9465459
9087	18.94647615
9088	18.94645483
9089	18.94634485
9090	18.94599288
9091	18.94596535
9092	18.94593812
9093	18.94582113
9094	18.94475939
9095	18.94471201
9096	18.94466744
9097	18.90084982
9098	18.89948777
9099	18.89943785
9100	18.89939741
9101	18.89926985
9102	18.89922102
9103	18.89914816
9104	18.8978959
9105	18.89781302
9106	18.89779849
9107	18.89776232
9108	18.89771054
9109	18.89485334
9110	18.89257353
9111	18.89251787
9112	18.89250209
9113	18.89148411
9114	18.89147449
9115	18.89145916
9116	18.89121038
9117	18.89119278
9118	18.89096123
9119	18.89053469
9120	18.8900423
9121	18.88998645
9122	18.88995715
9123	18.88992975
9124	18.8895123
9125	18.88926184
9126	18.88922106
9127	18.88894134
9128	18.88091696
9129	18.88085454
9130	18.88060034
9131	18.87926431
9132	18.87900013
9133	18.87896316
9134	18.87894275
9135	18.87891991
9136	18.87874924
9137	18.87874261
9138	18.87870435
9139	18.87869745
9140	18.87862534
9141	18.8786008
9142	18.87766201
9143	18.87739726
9144	18.87641254
9145	18.87627681
9146	18.87627228
9147	18.87626386
9148	18.87618979
9149	18.87613718
9150	18.87601046
9151	18.87585842
9152	18.87580116
9153	18.8751385
9154	18.87383149
9155	18.87298748
9156	18.87298069
9157	18.87281197
9158	18.87021223
9159	18.86998849
9160	18.86927341
9161	18.8677905
9162	18.86673193
9163	18.86666019
9164	18.86646233
9165	18.86641124
9166	18.86605046
9167	18.86165239
9168	18.86164599
9169	18.86149447
9170	18.86128443
9171	18.86095654
9172	18.86094682
9173	18.86088965
9174	18.86056669
9175	18.84887051
9176	18.84784644
9177	18.84772642
9178	18.84743225
9179	18.84457033
9180	18.84445693
9181	18.84407058
9182	18.84360151
9183	18.84305443
9184	18.84298041
9185	18.84290832
9186	18.84196523
9187	18.84181005
9188	18.84173383
9189	18.84169339
9190	18.84135998
9191	18.84134648
9192	18.84107788
9193	18.84074455
9194	18.84070815
9195	18.84065321
9196	18.83283082
9197	18.83279451
9198	18.83274936
9199	18.83261552
9200	18.83161333
9201	18.83147788
9202	18.82992416
9203	18.82976663
9204	18.82960816
9205	18.82959846
9206	18.82929681
9207	18.82927665
9208	18.82924871
9209	18.82923102
9210	18.82883301
9211	18.82859252
9212	18.8273889
9213	18.82097119
9214	18.82076083
9215	18.8205892
9216	18.8196333
9217	18.81947848
9218	18.81905607
9219	18.81674453
9220	18.81663924
9221	18.8166332
9222	18.80692918
9223	18.8066406
9224	18.80492253
9225	18.80475892
9226	18.80468525
9227	18.80346967
9228	18.80270075
9229	18.78625926
9230	18.78621952
9231	18.78620176
9232	18.7859702
9233	18.78593343
9234	18.78456841
9235	18.78452656
9236	18.78447857
9237	18.78437749
9238	18.78394628
9239	18.78391242
9240	18.78385116
9241	18.78361713
9242	18.78169881
9243	18.75860583
9244	18.75857396
9245	18.75852808
9246	18.7584583
9247	18.75838486
9248	18.75694044
9249	18.75683833
9250	18.75574123
9251	18.75503122
9252	18.75500276
9253	18.75464277
9254	18.7546065
9255	18.75432932
9256	18.75426196
9257	18.70701035
9258	18.70539815
9259	18.70535204
9260	18.70031922
9261	18.70024617
9262	18.69970857
9263	18.69953635
9264	18.69873176
9265	18.69635087
9266	18.69569467
9267	18.6956438
9268	18.69509432
9269	18.6931513
9270	18.68731669
9271	18.68725216
9272	18.68706658
9273	18.6864465
9274	18.67680008
9275	18.67379487
9276	18.67371176
9277	18.67256063
9278	18.67134136
9279	18.67058263
9280	18.6701175
9281	18.66992567
9282	18.66442937
9283	18.66353956
9284	18.66333526
9285	18.66322663
9286	18.66239484
9287	18.66207103
9288	18.65910531
9289	18.6533516
9290	18.65227742
9291	18.65190798
9292	18.56524367
9293	18.55938887
9294	18.5559395
9295	18.55528481
9296	18.55525945
9297	18.55494905
9298	18.55341217
9299	18.55336905
9300	18.54898328
9301	18.5488016
9302	18.5432027
9303	18.5426727
9304	18.54190483
9305	18.54175514
9306	18.54147053
9307	18.53933712
9308	18.53932817
9309	18.53436658
9310	18.52043082
9311	18.51963881
9312	18.51952014
9313	18.51921985
9314	18.51910627
9315	18.51792429
9316	18.4822256
9317	18.48171281
9318	18.48154826
9319	18.48149344
9320	18.48118277
9321	18.47993553
9322	18.47955179
9323	18.47860625
9324	18.47331814
9325	18.44173049
9326	18.44024591
9327	18.44015179
9328	18.44009535
9329	18.4363913
9330	18.4332105
9331	18.4331797
9332	18.43312527
9333	18.42723534
9334	18.42278802
9335	18.42146199
9336	18.41838064
9337	18.41832465
9338	18.41819978
9339	18.38908945
9340	18.38682744
9341	18.3847115
9342	18.38427698
9343	18.37773511
9344	18.37380763
9345	18.37357576
9346	18.37321232
9347	18.37282158
9348	18.37168035
9349	18.37074622
9350	18.36893144
9351	18.36851409
9352	18.36825095
9353	18.36720424
9354	18.3669383
9355	18.36680814
9356	18.36633202
9357	18.36120739
9358	18.36101953
9359	18.36095713
9360	18.3528388
9361	18.34312639
9362	18.34107439
9363	18.3328777
9364	18.33282345
9365	18.32923985
9366	18.32825209
9367	18.32768242
9368	18.32766361
9369	18.3266114
9370	18.32652671
9371	18.32418625
9372	18.32410662
9373	18.32322087
9374	18.32320766
9375	18.32319178
9376	18.32276371
9377	18.32274214
9378	18.31728631
9379	18.3165255
9380	18.31650333
9381	18.31474753
9382	18.31382619
9383	18.31373458
9384	18.31358538
9385	18.31353459
9386	18.31339642
9387	18.31301182
9388	18.31300135
9389	18.31293509
9390	18.30449842
9391	18.30048049
9392	18.29096558
9393	18.28920782
9394	18.28911548
9395	18.28902651
9396	18.28637316
9397	18.27308468
9398	18.27097312
9399	18.27085212
9400	18.27006364
9401	18.26993997
9402	18.2686554
9403	18.26612989
9404	18.26523543
9405	18.2652241
9406	18.26516768
9407	18.26465696
9408	18.26463921
9409	18.26276862
9410	18.26234849
9411	18.26228847
9412	18.26134903
9413	18.26132714
9414	18.26103338
9415	18.25243066
9416	18.25241229
9417	18.23127555
9418	18.22735212
9419	18.22725057
9420	18.20417183
9421	18.20409876
9422	18.20331091
9423	18.20063411
9424	18.19906276
9425	18.19901049
9426	18.16668156
9427	18.16651719
9428	18.16514429
9429	18.16402425
9430	18.16395371
9431	18.16392986
9432	18.1638709
9433	18.16304624
9434	18.16261451
9435	18.16232809
9436	18.16231469
9437	18.16158954
9438	18.16140402
9439	18.15930263
9440	18.15926591
9441	18.15877642
9442	18.15834223
9443	18.158213
9444	18.15742636
9445	18.15701749
9446	18.15652672
9447	18.15642989
9448	18.1542807
9449	18.15390702
9450	18.15387411
9451	18.15338167
9452	18.15335897
9453	18.15333045
9454	18.11230816
9455	18.11126771
9456	18.11108766
9457	18.11093804
9458	18.10831456
9459	18.10732124
9460	18.10726553
9461	18.10477293
9462	18.10361394
9463	18.10346617
9464	18.1032757
9465	18.10323262
9466	18.1030682
9467	18.10250359
9468	18.10236307
9469	18.10221504
9470	18.10066722
9471	18.10052853
9472	18.08937714
9473	18.08836325
9474	18.08636828
9475	18.08570822
9476	18.08522886
9477	18.08370537
9478	18.08277032
9479	18.08214009
9480	18.08195995
9481	18.08193789
9482	18.0725467
9483	18.07147618
9484	18.07021819
9485	18.06569932
9486	18.0656321
9487	18.06463862
9488	18.05378646
9489	18.05318507
9490	18.05151605
9491	18.05072912
9492	18.05044345
9493	18.04949536
9494	18.0483609
9495	18.04810372
9496	18.00352469
9497	17.99969484
9498	17.99877333
9499	17.99847427
9500	17.98541817
9501	17.98492196
9502	17.98470888
9503	17.98386413
9504	17.98335233
9505	17.98330851
9506	17.98229433
9507	17.981883
9508	17.98146511
9509	17.981385
9510	17.96775652
9511	17.95550683
9512	17.95541993
9513	17.95535751
9514	17.9549567
9515	17.95492019
9516	17.95467586
9517	17.9545893
9518	17.95309544
9519	17.95249484
9520	17.95188678
9521	17.95172957
9522	17.9513685
9523	17.95131627
9524	17.9505756
9525	17.94135932
9526	17.94129407
9527	17.94112668
9528	17.94103607
9529	17.94091104
9530	17.90745715
9531	17.90738168
9532	17.9070518
9533	17.90691188
9534	17.90673181
9535	17.90050559
9536	17.89855104
9537	17.89845133
9538	17.89736099
9539	17.89336082
9540	17.89321926
9541	17.89315905
9542	17.88811102
9543	17.88666327
9544	17.88660162
9545	17.88644013
9546	17.88557349
9547	17.88505853
9548	17.88498799
9549	17.87850258
9550	17.87794407
9551	17.87792878
9552	17.87755406
9553	17.87737099
9554	17.87646685
9555	17.8760421
9556	17.86807094
9557	17.8680158
9558	17.86799765
9559	17.8679506
9560	17.86696377
9561	17.84729436
9562	17.84645132
9563	17.84623917
9564	17.84542539
9565	17.83330875
9566	17.83324889
9567	17.83319452
9568	17.83216548
9569	17.83145609
9570	17.83117783
9571	17.82996697
9572	17.82615772
9573	17.82326748
9574	17.82161754
9575	17.8145119
9576	17.81445048
9577	17.81409555
9578	17.81404959
9579	17.81391841
9580	17.81351992
9581	17.80457924
9582	17.80406309
9583	17.80388179
9584	17.80212249
9585	17.80170987
9586	17.80167964
9587	17.80165947
9588	17.80136225
9589	17.80032603
9590	17.80008109
9591	17.7999335
9592	17.79927108
9593	17.79905886
9594	17.79793747
9595	17.78989714
9596	17.78985642
9597	17.78949643
9598	17.7874467
9599	17.78621253
9600	17.7857846
9601	17.78519583
9602	17.78470377
9603	17.78405199
9604	17.78283122
9605	17.78033202
9606	17.77995439
9607	17.77968156
9608	17.77860553
9609	17.7778436
9610	17.77708451
9611	17.77391048
9612	17.77347993
9613	17.7730819
9614	17.77276611
9615	17.77173532
9616	17.77161534
9617	17.77152089
9618	17.7711868
9619	17.77114296
9620	17.77091962
9621	17.77064644
9622	17.77060403
9623	17.77054586
9624	17.76946652
9625	17.76943657
9626	17.76927773
9627	17.7691617
9628	17.75338169
9629	17.75293641
9630	17.75288065
9631	17.74584619
9632	17.74570978
9633	17.74562006
9634	17.7455742
9635	17.74551603
9636	17.74445885
9637	17.74440922
9638	17.7422925
9639	17.74223384
9640	17.74108066
9641	17.72631323
9642	17.72420113
9643	17.72270681
9644	17.72265893
9645	17.72251006
9646	17.71852255
9647	17.70284739
9648	17.70245539
9649	17.69759195
9650	17.69740023
9651	17.69682219
9652	17.69678499
9653	17.69664269
9654	17.69577494
9655	17.69440999
9656	17.69427503
9657	17.689378
9658	17.68884396
9659	17.68883869
9660	17.68769679
9661	17.68763216
9662	17.68721925
9663	17.68708238
9664	17.68677149
9665	17.68671771
9666	17.68595367
9667	17.68543659
9668	17.6853902
9669	17.68535088
9670	17.68468096
9671	17.68464602
9672	17.68460247
9673	17.68455379
9674	17.68442061
9675	17.68441368
9676	17.68430262
9677	17.68367564
9678	17.68275096
9679	17.68270197
9680	17.6826494
9681	17.68237122
9682	17.68176472
9683	17.68154064
9684	17.66899468
9685	17.66891527
9686	17.66786582
9687	17.66781513
9688	17.66697474
9689	17.6669455
9690	17.66615683
9691	17.665749
9692	17.66515071
9693	17.66507182
9694	17.6650425
9695	17.6648725
9696	17.66482097
9697	17.66476668
9698	17.66471926
9699	17.66461227
9700	17.66448953
9701	17.65915675
9702	17.65913742
9703	17.65851112
9704	17.65847443
9705	17.6582853
9706	17.65797901
9707	17.65750294
9708	17.6573332
9709	17.6520725
9710	17.65093974
9711	17.65087824
9712	17.65081834
9713	17.64478216
9714	17.64421138
9715	17.6433549
9716	17.64332068
9717	17.64327889
9718	17.64296685
9719	17.64186368
9720	17.64176362
9721	17.64174262
9722	17.64164639
9723	17.64144909
9724	17.55709202
9725	17.5569009
9726	17.54789716
9727	17.54688614
9728	17.54198401
9729	17.54103705
9730	17.54100788
9731	17.54097918
9732	17.5409505
9733	17.53677258
9734	17.53579895
9735	17.53366325
9736	17.53293249
9737	17.53274208
9738	17.53246204
9739	17.53220722
9740	17.53090457
9741	17.53088797
9742	17.52787832
9743	17.52650195
9744	17.52634744
9745	17.52447005
9746	17.52235719
9747	17.48654007
9748	17.48634192
9749	17.48618533
9750	17.48564679
9751	17.48540853
9752	17.48508087
9753	17.48465066
9754	17.46956671
9755	17.4693216
9756	17.46914569
9757	17.46388909
9758	17.46252961
9759	17.4623681
9760	17.46123431
9761	17.46121822
9762	17.46115772
9763	17.46102711
9764	17.45918145
9765	17.45908706
9766	17.454798
9767	17.45477031
9768	17.45471466
9769	17.45470921
9770	17.45434732
9771	17.45416432
9772	17.45412718
9773	17.45199265
9774	17.44802945
9775	17.44759108
9776	17.44755223
9777	17.44545553
9778	17.43948452
9779	17.43405348
9780	17.43398332
9781	17.43396449
9782	17.43395174
9783	17.43388843
9784	17.43298763
9785	17.4327318
9786	17.43272693
9787	17.43265058
9788	17.43259756
9789	17.43254361
9790	17.432525
9791	17.42964211
9792	17.42918906
9793	17.42911695
9794	17.42371274
9795	17.42364841
9796	17.42363989
9797	17.42362596
9798	17.42358529
9799	17.42290188
9800	17.41694542
9801	17.41693204
9802	17.40997339
9803	17.40991046
9804	17.40989319
9805	17.40933738
9806	17.40888899
9807	17.40885288
9808	17.40883577
9809	17.40875203
9810	17.40873151
9811	17.40242777
9812	17.40239151
9813	17.4023588
9814	17.40157567
9815	17.40080569
9816	17.40078247
9817	17.40017533
9818	17.39817018
9819	17.39808259
9820	17.3978356
9821	17.37557911
9822	17.37530678
9823	17.37470861
9824	17.37459723
9825	17.374293
9826	17.37426669
9827	17.37425572
9828	17.37424803
9829	17.37368882
9830	17.37337753
9831	17.37334936
9832	17.37332781
9833	17.37251134
9834	17.37245347
9835	17.37244469
9836	17.37243414
9837	17.37220104
9838	17.37217126
9839	17.37028922
9840	17.37027408
9841	17.36631992
9842	17.36626577
9843	17.36506326
9844	17.36478323
9845	17.3631741
9846	17.35837636
9847	17.35833038
9848	17.35832695
9849	17.33426596
9850	17.3342454
9851	17.33393894
9852	17.33046909
9853	17.32912629
9854	17.32848577
9855	17.32826031
9856	17.32816879
9857	17.32805543
9858	17.32730289
9859	17.29725458
9860	17.29723907
9861	17.29695952
9862	17.25568062
9863	17.25560857
9864	17.25291256
9865	17.25289924
9866	17.25285775
9867	17.24851239
9868	17.24799783
9869	17.24704058
9870	17.24703702
9871	17.24702752
9872	17.24664095
9873	17.24658712
9874	17.24651454
9875	17.24472735
9876	17.24394293
9877	17.24370473
9878	17.24366014
9879	17.24180954
9880	17.23980352
9881	17.23979126
9882	17.20763433
9883	17.20758378
9884	17.2056106
9885	17.20536486
9886	17.20526817
9887	17.20487546
9888	17.20403149
9889	17.18866972
9890	17.18689425
9891	17.18672717
9892	17.18671862
9893	17.18660526
9894	17.18659772
9895	17.18133883
9896	17.17999426
9897	17.17998313
9898	17.16150513
9899	17.16133678
9900	17.16103016
9901	17.14365524
9902	17.14363281
9903	17.1434163
9904	17.14220049
9905	17.14148303
9906	17.14119681
9907	17.12929033
9908	17.12876201
9909	17.12832877
9910	17.12756495
9911	17.12734792
9912	17.12681339
9913	17.12660901
9914	17.12658072
9915	17.12434736
9916	17.12423933
9917	17.12392779
9918	17.12389345
9919	17.12357803
9920	17.1229889
9921	17.11978267
9922	17.11887014
9923	17.11786139
9924	17.11782849
9925	17.11734211
9926	17.11287233
9927	17.11043122
9928	17.11018679
9929	17.11002027
9930	17.10924008
9931	17.10904149
9932	17.10869079
9933	17.1033438
9934	17.10322833
9935	17.08868511
9936	17.08866644
9937	17.08848767
9938	17.08810228
9939	17.07761731
9940	17.07736313
9941	17.07124348
9942	17.07118097
9943	17.07098902
9944	17.07092708
9945	17.0704977
9946	17.070019
9947	17.06809352
9948	17.06231258
9949	17.06152162
9950	17.06146495
9951	17.05986632
9952	17.0598084
9953	17.05965099
9954	17.05958739
9955	17.0581859
9956	17.05798269
9957	17.05721955
9958	17.05503487
9959	17.05502281
9960	17.05442093
9961	17.05435759
9962	17.05393057
9963	17.05388459
9964	17.05373595
9965	17.05362314
9966	17.05347773
9967	17.05344245
9968	17.05316567
9969	17.0531295
9970	17.05308127
9971	17.05277392
9972	17.05230873
9973	17.05226074
9974	17.05052356
9975	17.04887771
9976	17.04841804
9977	17.04820891
9978	17.04694723
9979	17.04651917
9980	17.04643642
9981	17.04518961
9982	17.04467883
9983	17.04410895
9984	17.04366754
9985	17.04269862
9986	17.04251354
9987	17.03723804
9988	17.03494201
9989	17.03488071
9990	17.03439249
9991	17.02494091
9992	17.02455517
9993	17.02120232
9994	17.02064204
9995	17.0206295
9996	17.02049998
9997	17.01962068
9998	17.01846355
9999	17.01837597
