iter	Passed	Remaining
0	2	29883
1	5	28522
2	8	29349
3	10	27197
4	12	25859
5	15	25037
6	18	26062
7	21	26549
8	24	27301
9	26	26879
10	29	26607
11	31	26355
12	33	25810
13	36	25693
14	38	25916
15	41	26017
16	43	25831
17	46	25564
18	47	25213
19	50	24980
20	52	25122
21	54	24932
22	56	24653
23	58	24382
24	61	24347
25	62	24135
26	64	23925
27	67	23976
28	69	23933
29	71	23818
30	74	24069
31	77	23988
32	79	23910
33	81	23903
34	84	23935
35	86	23856
36	88	23952
37	91	23918
38	93	23818
39	95	23734
40	97	23791
41	100	23910
42	103	23962
43	105	23886
44	107	23833
45	109	23767
46	112	23798
47	115	24023
48	118	24031
49	120	23934
50	122	23827
51	123	23719
52	126	23657
53	129	23780
54	131	23740
55	133	23688
56	135	23595
57	137	23491
58	138	23389
59	140	23356
60	143	23374
61	145	23398
62	148	23392
63	150	23307
64	152	23269
65	154	23192
66	156	23168
67	158	23153
68	160	23109
69	162	23115
70	165	23088
71	167	23030
72	168	22963
73	170	22933
74	173	22896
75	175	22942
76	178	22977
77	180	22948
78	182	22882
79	183	22808
80	185	22743
81	187	22734
82	190	22769
83	193	22787
84	195	22802
85	197	22774
86	199	22723
87	201	22673
88	203	22682
89	206	22780
90	209	22796
91	211	22759
92	213	22754
93	216	22854
94	220	22951
95	222	22996
96	226	23125
97	228	23125
98	230	23081
99	232	23051
100	235	23080
101	237	23076
102	239	23046
103	241	23013
104	245	23131
105	248	23172
106	252	23316
107	254	23348
108	257	23328
109	259	23316
110	261	23313
111	263	23276
112	266	23297
113	269	23328
114	271	23321
115	274	23362
116	276	23368
117	278	23361
118	281	23378
119	284	23437
120	288	23543
121	291	23572
122	293	23551
123	296	23575
124	299	23629
125	302	23694
126	304	23689
127	306	23656
128	309	23669
129	312	23752
130	315	23787
131	318	23792
132	321	23840
133	381	28053
134	386	28276
135	389	28229
136	391	28199
137	394	28191
138	396	28158
139	399	28109
140	401	28040
141	408	28365
142	413	28480
143	415	28468
144	417	28405
145	420	28352
146	422	28322
147	425	28297
148	427	28279
149	429	28220
150	431	28154
151	433	28086
152	435	28019
153	437	27983
154	440	27954
155	441	27886
156	443	27822
157	445	27764
158	447	27699
159	449	27644
160	451	27584
161	453	27542
162	455	27495
163	457	27434
164	459	27380
165	461	27326
166	463	27266
167	464	27212
168	466	27155
169	469	27131
170	471	27083
171	473	27030
172	474	26970
173	476	26913
174	478	26867
175	480	26814
176	482	26762
177	484	26745
178	486	26705
179	488	26669
180	490	26618
181	492	26572
182	494	26522
183	496	26479
184	498	26442
185	500	26416
186	502	26375
187	504	26327
188	506	26293
189	508	26247
190	510	26204
191	512	26163
192	514	26122
193	516	26091
194	518	26049
195	520	26021
196	522	26002
197	524	25979
198	526	25943
199	528	25917
200	531	25890
201	533	25870
202	535	25841
203	537	25810
204	539	25770
205	541	25731
206	543	25707
207	545	25671
208	547	25633
209	549	25597
210	550	25556
211	553	25532
212	554	25495
213	556	25459
214	558	25415
215	560	25385
216	562	25351
217	564	25317
218	566	25284
219	567	25246
220	569	25212
221	572	25207
222	574	25171
223	576	25141
224	578	25122
225	580	25088
226	581	25056
227	583	25022
228	585	24998
229	588	25002
230	590	24989
231	593	24968
232	595	24946
233	597	24928
234	599	24908
235	601	24878
236	603	24846
237	604	24814
238	607	24801
239	609	24769
240	610	24740
241	612	24708
242	614	24682
243	616	24653
244	618	24622
245	620	24592
246	622	24567
247	624	24549
248	626	24538
249	628	24515
250	630	24486
251	632	24456
252	634	24426
253	635	24398
254	637	24374
255	639	24347
256	641	24321
257	643	24292
258	645	24268
259	647	24238
260	648	24211
261	650	24187
262	652	24166
263	654	24141
264	656	24116
265	658	24086
266	659	24058
267	661	24033
268	663	24011
269	665	23983
270	667	23961
271	669	23949
272	671	23933
273	673	23911
274	675	23886
275	677	23862
276	679	23835
277	680	23813
278	682	23791
279	684	23769
280	686	23757
281	688	23733
282	690	23710
283	692	23686
284	694	23662
285	696	23641
286	697	23618
287	699	23604
288	702	23604
289	704	23601
290	707	23603
291	709	23600
292	711	23580
293	713	23560
294	715	23549
295	717	23537
296	719	23518
297	721	23497
298	723	23473
299	725	23453
300	727	23431
301	729	23416
302	731	23401
303	733	23389
304	735	23377
305	737	23360
306	739	23338
307	741	23324
308	743	23312
309	745	23311
310	747	23289
311	749	23269
312	751	23246
313	752	23224
314	754	23211
315	756	23191
316	758	23182
317	761	23198
318	763	23185
319	765	23164
320	767	23143
321	769	23123
322	771	23102
323	773	23089
324	775	23100
325	778	23103
326	780	23100
327	783	23111
328	786	23117
329	788	23107
330	791	23113
331	793	23119
332	796	23109
333	797	23086
334	799	23063
335	801	23046
336	803	23027
337	805	23017
338	807	23019
339	810	23020
340	812	23004
341	813	22986
342	815	22967
343	817	22952
344	819	22934
345	821	22929
346	824	22923
347	826	22915
348	828	22916
349	830	22897
350	832	22888
351	834	22874
352	837	22874
353	839	22874
354	841	22855
355	843	22837
356	844	22820
357	846	22806
358	848	22793
359	850	22779
360	853	22781
361	855	22775
362	857	22759
363	859	22744
364	860	22727
365	862	22711
366	864	22699
367	867	22697
368	869	22699
369	871	22690
370	873	22674
371	875	22660
372	877	22643
373	879	22627
374	881	22613
375	883	22616
376	885	22608
377	887	22594
378	889	22581
379	891	22569
380	893	22552
381	895	22537
382	897	22529
383	899	22531
384	902	22528
385	903	22514
386	906	22517
387	908	22517
388	910	22507
389	913	22516
390	916	22519
391	918	22509
392	920	22495
393	922	22481
394	923	22466
395	925	22451
396	927	22439
397	930	22447
398	932	22441
399	935	22441
400	936	22422
401	938	22410
402	940	22395
403	942	22382
404	944	22383
405	947	22379
406	949	22376
407	951	22360
408	953	22348
409	954	22334
410	956	22320
411	959	22318
412	961	22327
413	964	22333
414	966	22326
415	968	22322
416	971	22317
417	973	22313
418	976	22326
419	978	22326
420	980	22311
421	982	22297
422	984	22288
423	986	22275
424	988	22268
425	990	22268
426	993	22267
427	995	22254
428	996	22241
429	998	22226
430	1000	22214
431	1002	22202
432	1004	22201
433	1007	22212
434	1009	22199
435	1011	22188
436	1013	22175
437	1015	22163
438	1017	22150
439	1019	22144
440	1021	22148
441	1024	22146
442	1026	22147
443	1028	22136
444	1030	22124
445	1032	22110
446	1034	22105
447	1037	22117
448	1039	22109
449	1041	22094
450	1042	22081
451	1044	22068
452	1046	22055
453	1048	22044
454	1050	22047
455	1053	22059
456	1055	22050
457	1058	22046
458	1060	22035
459	1061	22024
460	1064	22021
461	1067	22048
462	1071	22065
463	1074	22074
464	1076	22071
465	1078	22063
466	1081	22076
467	1084	22082
468	1086	22074
469	1088	22064
470	1090	22052
471	1091	22040
472	1094	22039
473	1097	22057
474	1100	22065
475	1102	22064
476	1104	22060
477	1107	22060
478	1109	22051
479	1113	22078
480	1115	22084
481	1118	22083
482	1120	22080
483	1122	22077
484	1124	22070
485	1127	22081
486	1130	22088
487	1132	22083
488	1135	22077
489	1137	22078
490	1140	22084
491	1143	22099
492	1146	22101
493	1148	22107
494	1150	22097
495	1152	22088
496	1154	22079
497	1157	22084
498	1160	22092
499	1162	22089
500	1165	22099
501	1168	22100
502	1170	22094
503	1172	22097
504	1175	22094
505	1177	22097
506	1179	22089
507	1181	22080
508	1183	22072
509	1186	22069
510	1188	22064
511	1190	22067
512	1193	22069
513	1196	22072
514	1198	22077
515	1201	22079
516	1205	22115
517	1208	22116
518	1210	22109
519	1212	22107
520	1214	22100
521	1217	22101
522	1219	22099
523	1222	22112
524	1226	22131
525	1229	22137
526	1231	22132
527	1233	22131
528	1236	22132
529	1238	22133
530	1240	22125
531	1242	22118
532	1245	22119
533	1247	22114
534	1250	22118
535	1252	22111
536	1254	22107
537	1256	22095
538	1258	22085
539	1260	22074
540	1261	22063
541	1264	22059
542	1266	22053
543	1268	22057
544	1270	22046
545	1272	22037
546	1274	22026
547	1276	22016
548	1278	22010
549	1280	22008
550	1283	22006
551	1285	21999
552	1287	21989
553	1288	21977
554	1290	21965
555	1292	21954
556	1295	21956
557	1297	21953
558	1300	21957
559	1301	21946
560	1303	21936
561	1305	21926
562	1307	21915
563	1309	21912
564	1312	21910
565	1314	21916
566	1316	21906
567	1318	21895
568	1320	21884
569	1322	21876
570	1324	21871
571	1327	21875
572	1330	21890
573	1332	21882
574	1334	21874
575	1336	21863
576	1338	21854
577	1340	21847
578	1342	21844
579	1346	21861
580	1348	21860
581	1351	21867
582	1353	21866
583	1356	21870
584	1358	21867
585	1361	21865
586	1363	21857
587	1364	21849
588	1366	21838
589	1368	21831
590	1371	21827
591	1373	21825
592	1376	21829
593	1377	21820
594	1379	21811
595	1381	21800
596	1383	21790
597	1385	21786
598	1388	21785
599	1390	21784
600	1392	21773
601	1394	21764
602	1395	21754
603	1397	21743
604	1399	21735
605	1402	21739
606	1404	21737
607	1406	21732
608	1408	21722
609	1410	21711
610	1412	21703
611	1414	21695
612	1416	21691
613	1418	21688
614	1421	21690
615	1423	21685
616	1425	21677
617	1427	21669
618	1429	21659
619	1431	21661
620	1434	21663
621	1437	21667
622	1438	21658
623	1440	21651
624	1442	21641
625	1444	21634
626	1446	21628
627	1449	21624
628	1451	21628
629	1453	21618
630	1455	21611
631	1457	21602
632	1459	21596
633	1462	21599
634	1464	21603
635	1467	21613
636	1470	21611
637	1472	21604
638	1474	21595
639	1476	21588
640	1478	21586
641	1480	21580
642	1483	21581
643	1485	21575
644	1486	21566
645	1488	21558
646	1490	21549
647	1493	21548
648	1495	21543
649	1497	21547
650	1499	21537
651	1501	21531
652	1503	21523
653	1505	21513
654	1507	21509
655	1509	21507
656	1512	21507
657	1514	21502
658	1517	21503
659	1519	21499
660	1521	21491
661	1523	21486
662	1525	21482
663	1527	21481
664	1530	21478
665	1532	21474
666	1534	21471
667	1536	21471
668	1539	21468
669	1542	21473
670	1545	21483
671	1547	21482
672	1549	21474
673	1551	21466
674	1553	21463
675	1555	21460
676	1558	21457
677	1560	21449
678	1561	21439
679	1563	21431
680	1565	21422
681	1567	21415
682	1569	21410
683	1571	21406
684	1574	21404
685	1575	21394
686	1577	21385
687	1579	21376
688	1581	21367
689	1583	21362
690	1585	21356
691	1587	21350
692	1589	21346
693	1591	21338
694	1593	21329
695	1594	21319
696	1596	21312
697	1598	21308
698	1600	21301
699	1602	21293
700	1605	21293
701	1607	21285
702	1608	21277
703	1610	21268
704	1612	21262
705	1615	21263
706	1617	21259
707	1619	21254
708	1621	21246
709	1623	21237
710	1624	21228
711	1626	21219
712	1628	21217
713	1631	21215
714	1633	21211
715	1635	21203
716	1637	21194
717	1638	21186
718	1640	21177
719	1642	21169
720	1644	21166
721	1646	21161
722	1648	21153
723	1650	21145
724	1652	21137
725	1654	21128
726	1655	21120
727	1657	21113
728	1660	21112
729	1662	21107
730	1664	21099
731	1665	21091
732	1667	21083
733	1669	21075
734	1671	21067
735	1673	21059
736	1675	21058
737	1677	21054
738	1679	21048
739	1681	21040
740	1683	21032
741	1685	21024
742	1686	21017
743	1688	21010
744	1691	21007
745	1693	21004
746	1694	20995
747	1696	20986
748	1698	20979
749	1700	20974
750	1702	20967
751	1704	20959
752	1706	20961
753	1709	20956
754	1710	20949
755	1712	20941
756	1714	20933
757	1716	20926
758	1718	20918
759	1720	20916
760	1722	20915
761	1724	20912
762	1727	20911
763	1729	20908
764	1731	20904
765	1733	20901
766	1736	20903
767	1738	20904
768	1740	20897
769	1742	20888
770	1744	20882
771	1746	20874
772	1748	20867
773	1750	20860
774	1752	20860
775	1754	20854
776	1756	20849
777	1758	20842
778	1760	20834
779	1762	20829
780	1763	20821
781	1766	20819
782	1768	20814
783	1770	20808
784	1771	20800
785	1773	20792
786	1775	20784
787	1777	20775
788	1778	20767
789	1781	20766
790	1783	20762
791	1785	20756
792	1787	20748
793	1788	20741
794	1790	20734
795	1792	20727
796	1794	20720
797	1796	20714
798	1798	20713
799	1800	20709
800	1802	20702
801	1804	20694
802	1806	20686
803	1808	20680
804	1810	20676
805	1812	20672
806	1814	20671
807	1816	20669
808	1818	20662
809	1820	20656
810	1822	20649
811	1824	20645
812	1827	20647
813	1829	20648
814	1831	20644
815	1833	20637
816	1835	20631
817	1837	20626
818	1839	20618
819	1841	20612
820	1843	20608
821	1845	20602
822	1847	20595
823	1848	20589
824	1850	20582
825	1852	20575
826	1854	20568
827	1856	20562
828	1858	20561
829	1860	20556
830	1862	20552
831	1864	20546
832	1866	20539
833	1868	20532
834	1870	20525
835	1872	20521
836	1874	20519
837	1876	20514
838	1878	20509
839	1880	20502
840	1882	20496
841	1883	20490
842	1885	20483
843	1887	20476
844	1889	20474
845	1891	20471
846	1893	20465
847	1895	20458
848	1897	20457
849	1899	20449
850	1901	20443
851	1903	20436
852	1905	20432
853	1907	20426
854	1909	20420
855	1911	20416
856	1913	20418
857	1915	20413
858	1918	20412
859	1920	20411
860	1922	20410
861	1925	20408
862	1927	20402
863	1928	20395
864	1930	20387
865	1932	20380
866	1934	20373
867	1936	20370
868	1938	20367
869	1940	20359
870	1941	20353
871	1943	20346
872	1945	20340
873	1947	20333
874	1949	20327
875	1951	20325
876	1953	20319
877	1955	20316
878	1957	20313
879	1959	20305
880	1961	20299
881	1962	20292
882	1964	20287
883	1967	20284
884	1969	20279
885	1970	20273
886	1972	20266
887	1974	20259
888	1976	20253
889	1977	20246
890	1979	20239
891	1981	20236
892	1984	20235
893	1986	20234
894	1988	20229
895	1990	20221
896	1992	20215
897	1993	20208
898	1995	20203
899	1997	20199
900	1999	20196
901	2001	20189
902	2003	20183
903	2005	20176
904	2006	20169
905	2008	20163
906	2010	20157
907	2013	20157
908	2015	20155
909	2017	20149
910	2019	20145
911	2021	20139
912	2022	20133
913	2024	20125
914	2026	20119
915	2028	20116
916	2030	20110
917	2032	20103
918	2033	20097
919	2035	20089
920	2037	20083
921	2039	20076
922	2040	20069
923	2042	20067
924	2044	20062
925	2046	20058
926	2048	20051
927	2050	20045
928	2052	20038
929	2054	20032
930	2055	20025
931	2058	20025
932	2060	20020
933	2062	20016
934	2063	20009
935	2065	20003
936	2067	19996
937	2069	19989
938	2070	19983
939	2072	19979
940	2075	19978
941	2077	19975
942	2079	19968
943	2080	19962
944	2082	19956
945	2084	19951
946	2086	19947
947	2089	19949
948	2091	19944
949	2093	19940
950	2095	19934
951	2096	19928
952	2098	19922
953	2100	19916
954	2102	19917
955	2106	19929
956	2109	19931
957	2112	19934
958	2114	19930
959	2115	19925
960	2117	19920
961	2120	19922
962	2122	19922
963	2124	19917
964	2126	19911
965	2128	19906
966	2130	19900
967	2132	19895
968	2134	19889
969	2136	19889
970	2138	19886
971	2140	19880
972	2142	19875
973	2144	19869
974	2145	19863
975	2147	19857
976	2149	19854
977	2152	19852
978	2154	19848
979	2155	19843
980	2157	19838
981	2159	19831
982	2161	19826
983	2163	19821
984	2165	19817
985	2167	19815
986	2169	19812
987	2171	19806
988	2173	19800
989	2175	19795
990	2176	19789
991	2178	19784
992	2180	19782
993	2182	19778
994	2185	19775
995	2186	19770
996	2188	19765
997	2191	19763
998	2193	19761
999	2195	19761
1000	2198	19762
1001	2200	19758
1002	2202	19752
1003	2203	19747
1004	2205	19741
1005	2207	19736
1006	2209	19731
1007	2211	19728
1008	2214	19728
1009	2216	19725
1010	2218	19721
1011	2220	19718
1012	2222	19712
1013	2223	19707
1014	2225	19702
1015	2227	19701
1016	2229	19696
1017	2231	19692
1018	2233	19687
1019	2235	19682
1020	2237	19676
1021	2239	19671
1022	2241	19665
1023	2243	19664
1024	2245	19662
1025	2247	19660
1026	2249	19655
1027	2251	19650
1028	2253	19645
1029	2255	19639
1030	2257	19636
1031	2259	19634
1032	2261	19631
1033	2263	19625
1034	2265	19619
1035	2266	19613
1036	2268	19608
1037	2270	19602
1038	2272	19599
1039	2274	19597
1040	2277	19597
1041	2279	19593
1042	2280	19587
1043	2282	19581
1044	2284	19576
1045	2286	19570
1046	2288	19570
1047	2290	19568
1048	2294	19576
1049	2296	19573
1050	2298	19572
1051	2300	19571
1052	2303	19568
1053	2305	19570
1054	2307	19568
1055	2309	19563
1056	2311	19558
1057	2313	19554
1058	2315	19549
1059	2317	19543
1060	2319	19544
1061	2322	19544
1062	2324	19539
1063	2326	19535
1064	2327	19530
1065	2329	19524
1066	2331	19519
1067	2333	19517
1068	2335	19515
1069	2337	19511
1070	2339	19507
1071	2341	19502
1072	2343	19497
1073	2345	19492
1074	2347	19488
1075	2349	19486
1076	2351	19485
1077	2353	19480
1078	2355	19475
1079	2357	19469
1080	2359	19464
1081	2361	19460
1082	2363	19461
1083	2365	19459
1084	2367	19455
1085	2369	19450
1086	2371	19445
1087	2373	19440
1088	2375	19434
1089	2376	19430
1090	2378	19425
1091	2381	19425
1092	2383	19422
1093	2385	19418
1094	2387	19412
1095	2388	19408
1096	2390	19403
1097	2392	19398
1098	2394	19395
1099	2397	19397
1100	2399	19395
1101	2401	19393
1102	2403	19388
1103	2405	19383
1104	2407	19378
1105	2409	19373
1106	2411	19370
1107	2413	19367
1108	2415	19362
1109	2417	19358
1110	2418	19352
1111	2420	19347
1112	2422	19345
1113	2424	19341
1114	2426	19339
1115	2429	19337
1116	2431	19333
1117	2432	19328
1118	2434	19324
1119	2436	19320
1120	2438	19314
1121	2440	19310
1122	2442	19308
1123	2444	19306
1124	2446	19301
1125	2448	19297
1126	2450	19294
1127	2452	19290
1128	2454	19286
1129	2456	19283
1130	2458	19280
1131	2460	19277
1132	2462	19273
1133	2464	19271
1134	2466	19267
1135	2468	19263
1136	2470	19259
1137	2473	19260
1138	2475	19258
1139	2477	19255
1140	2481	19263
1141	2483	19262
1142	2485	19259
1143	2487	19257
1144	2490	19259
1145	2493	19265
1146	2495	19263
1147	2498	19261
1148	2500	19258
1149	2502	19262
1150	2506	19269
1151	2508	19266
1152	2510	19264
1153	2512	19262
1154	2514	19258
1155	2517	19256
1156	2520	19267
1157	2524	19273
1158	2526	19271
1159	2528	19267
1160	2530	19265
1161	2533	19266
1162	2537	19279
1163	2539	19278
1164	2542	19277
1165	2544	19277
1166	2546	19275
1167	2550	19284
1168	2553	19288
1169	2555	19289
1170	2558	19291
1171	2561	19291
1172	2564	19298
1173	2567	19298
1174	2568	19294
1175	2570	19290
1176	2572	19287
1177	2574	19283
1178	2576	19279
1179	2580	19291
1180	2583	19293
1181	2585	19290
1182	2588	19289
1183	2590	19291
1184	2592	19288
1185	2596	19296
1186	2599	19298
1187	2601	19297
1188	2603	19293
1189	2605	19290
1190	2607	19286
1191	2610	19287
1192	2612	19285
1193	2614	19280
1194	2616	19275
1195	2617	19271
1196	2619	19266
1197	2621	19261
1198	2623	19259
1199	2625	19255
1200	2627	19251
1201	2629	19246
1202	2631	19241
1203	2633	19236
1204	2634	19231
1205	2636	19226
1206	2638	19222
1207	2640	19216
1208	2642	19212
1209	2644	19207
1210	2646	19204
1211	2647	19199
1212	2649	19195
1213	2651	19191
1214	2653	19188
1215	2655	19184
1216	2657	19179
1217	2659	19174
1218	2661	19170
1219	2663	19166
1220	2665	19161
1221	2667	19159
1222	2669	19159
1223	2671	19157
1224	2674	19155
1225	2677	19159
1226	2679	19159
1227	2681	19157
1228	2684	19155
1229	2687	19162
1230	2690	19162
1231	2692	19158
1232	2693	19153
1233	2695	19149
1234	2697	19144
1235	2699	19140
1236	2701	19139
1237	2704	19140
1238	2706	19135
1239	2708	19131
1240	2710	19127
1241	2711	19121
1242	2713	19117
1243	2715	19116
1244	2717	19113
1245	2719	19109
1246	2721	19104
1247	2723	19101
1248	2725	19095
1249	2727	19091
1250	2729	19086
1251	2731	19085
1252	2733	19081
1253	2735	19077
1254	2737	19073
1255	2739	19073
1256	2741	19068
1257	2743	19064
1258	2745	19062
1259	2747	19061
1260	2749	19056
1261	2751	19052
1262	2753	19048
1263	2755	19043
1264	2757	19039
1265	2759	19034
1266	2761	19032
1267	2763	19031
1268	2765	19027
1269	2767	19023
1270	2769	19018
1271	2770	19013
1272	2772	19009
1273	2774	19004
1274	2777	19003
1275	2779	19002
1276	2781	19000
1277	2783	18997
1278	2785	18992
1279	2787	18987
1280	2789	18983
1281	2790	18978
1282	2793	18978
1283	2795	18975
1284	2797	18970
1285	2798	18966
1286	2800	18962
1287	2802	18957
1288	2804	18953
1289	2806	18948
1290	2808	18947
1291	2811	18947
1292	2813	18942
1293	2814	18938
1294	2816	18933
1295	2818	18929
1296	2820	18925
1297	2822	18924
1298	2824	18922
1299	2827	18919
1300	2828	18914
1301	2830	18910
1302	2832	18905
1303	2834	18900
1304	2836	18896
1305	2838	18897
1306	2841	18898
1307	2843	18893
1308	2844	18888
1309	2846	18884
1310	2848	18879
1311	2850	18874
1312	2852	18870
1313	2854	18868
1314	2857	18870
1315	2859	18869
1316	2861	18868
1317	2864	18866
1318	2866	18862
1319	2868	18861
1320	2870	18860
1321	2873	18859
1322	2874	18854
1323	2876	18850
1324	2878	18845
1325	2880	18840
1326	2882	18836
1327	2884	18837
1328	2886	18834
1329	2888	18831
1330	2890	18825
1331	2892	18821
1332	2894	18817
1333	2895	18812
1334	2897	18808
1335	2900	18808
1336	2902	18806
1337	2904	18803
1338	2906	18799
1339	2908	18795
1340	2910	18791
1341	2912	18787
1342	2914	18785
1343	2916	18786
1344	2919	18784
1345	2921	18782
1346	2923	18777
1347	2925	18774
1348	2926	18769
1349	2929	18770
1350	2932	18771
1351	2934	18772
1352	2937	18771
1353	2939	18770
1354	2942	18771
1355	2944	18772
1356	2947	18773
1357	2949	18771
1358	2951	18768
1359	2953	18765
1360	2955	18763
1361	2958	18760
1362	2960	18761
1363	2962	18759
1364	2965	18762
1365	2968	18761
1366	2970	18761
1367	2978	18795
1368	2983	18811
1369	2996	18875
1370	3004	18912
1371	3016	18971
1372	3029	19037
1373	3040	19086
1374	3045	19100
1375	3047	19097
1376	3049	19095
1377	3051	19092
1378	3053	19090
1379	3057	19095
1380	3059	19093
1381	3072	19161
1382	3075	19162
1383	3077	19158
1384	3079	19154
1385	3081	19149
1386	3082	19144
1387	3084	19140
1388	3088	19145
1389	3090	19141
1390	3091	19136
1391	3093	19132
1392	3095	19128
1393	3097	19124
1394	3099	19119
1395	3102	19120
1396	3104	19115
1397	3105	19111
1398	3107	19107
1399	3109	19102
1400	3111	19098
1401	3113	19093
1402	3115	19088
1403	3118	19090
1404	3120	19087
1405	3121	19082
1406	3123	19078
1407	3125	19074
1408	3127	19070
1409	3129	19066
1410	3131	19064
1411	3134	19064
1412	3137	19064
1413	3138	19059
1414	3140	19055
1415	3142	19050
1416	3144	19045
1417	3146	19041
1418	3149	19042
1419	3150	19038
1420	3152	19034
1421	3154	19029
1422	3156	19025
1423	3158	19020
1424	3160	19016
1425	3162	19012
1426	3164	19011
1427	3166	19007
1428	3168	19002
1429	3170	18997
1430	3171	18993
1431	3173	18988
1432	3175	18983
1433	3177	18980
1434	3180	18980
1435	3182	18978
1436	3184	18974
1437	3185	18969
1438	3187	18964
1439	3189	18959
1440	3191	18955
1441	3193	18955
1442	3196	18953
1443	3197	18948
1444	3199	18944
1445	3201	18940
1446	3203	18935
1447	3205	18931
1448	3207	18926
1449	3210	18928
1450	3212	18925
1451	3214	18921
1452	3215	18916
1453	3217	18912
1454	3219	18907
1455	3221	18904
1456	3223	18900
1457	3226	18902
1458	3228	18900
1459	3230	18898
1460	3232	18894
1461	3234	18889
1462	3236	18885
1463	3238	18881
1464	3241	18885
1465	3243	18880
1466	3245	18876
1467	3247	18871
1468	3248	18867
1469	3250	18861
1470	3252	18857
1471	3254	18857
1472	3257	18858
1473	3259	18855
1474	3262	18853
1475	3264	18850
1476	3265	18845
1477	3267	18840
1478	3269	18838
1479	3272	18840
1480	3274	18836
1481	3276	18831
1482	3278	18826
1483	3279	18822
1484	3281	18817
1485	3283	18813
1486	3286	18812
1487	3288	18810
1488	3290	18806
1489	3292	18802
1490	3293	18797
1491	3295	18792
1492	3297	18787
1493	3299	18783
1494	3301	18783
1495	3303	18781
1496	3305	18776
1497	3307	18771
1498	3309	18767
1499	3310	18762
1500	3312	18757
1501	3314	18753
1502	3317	18754
1503	3319	18753
1504	3321	18749
1505	3323	18745
1506	3325	18740
1507	3327	18735
1508	3329	18733
1509	3331	18733
1510	3334	18732
1511	3336	18729
1512	3338	18725
1513	3340	18721
1514	3342	18719
1515	3344	18717
1516	3347	18717
1517	3349	18717
1518	3351	18713
1519	3353	18710
1520	3355	18706
1521	3357	18702
1522	3359	18697
1523	3361	18693
1524	3363	18692
1525	3365	18689
1526	3367	18685
1527	3369	18680
1528	3371	18677
1529	3372	18672
1530	3374	18668
1531	3376	18663
1532	3379	18662
1533	3380	18659
1534	3382	18654
1535	3384	18651
1536	3386	18647
1537	3388	18643
1538	3390	18638
1539	3391	18633
1540	3394	18631
1541	3396	18627
1542	3397	18622
1543	3399	18618
1544	3401	18613
1545	3403	18609
1546	3404	18604
1547	3406	18600
1548	3409	18599
1549	3411	18598
1550	3413	18594
1551	3415	18589
1552	3416	18584
1553	3418	18580
1554	3420	18575
1555	3422	18570
1556	3424	18570
1557	3426	18569
1558	3429	18568
1559	3431	18564
1560	3433	18560
1561	3435	18556
1562	3436	18551
1563	3439	18550
1564	3441	18548
1565	3443	18543
1566	3445	18543
1567	3447	18540
1568	3450	18539
1569	3452	18536
1570	3454	18536
1571	3457	18535
1572	3459	18532
1573	3461	18529
1574	3463	18524
1575	3464	18520
1576	3466	18516
1577	3468	18511
1578	3471	18514
1579	3473	18511
1580	3475	18508
1581	3477	18504
1582	3479	18499
1583	3481	18495
1584	3482	18491
1585	3485	18492
1586	3488	18492
1587	3490	18488
1588	3491	18483
1589	3493	18479
1590	3495	18475
1591	3497	18471
1592	3499	18467
1593	3501	18467
1594	3504	18464
1595	3505	18460
1596	3507	18456
1597	3509	18452
1598	3511	18448
1599	3513	18444
1600	3515	18441
1601	3517	18441
1602	3519	18438
1603	3521	18434
1604	3523	18430
1605	3525	18426
1606	3527	18421
1607	3529	18417
1608	3531	18417
1609	3533	18415
1610	3535	18411
1611	3537	18407
1612	3539	18403
1613	3541	18399
1614	3543	18395
1615	3545	18395
1616	3548	18394
1617	3550	18390
1618	3551	18386
1619	3553	18382
1620	3555	18378
1621	3557	18374
1622	3559	18371
1623	3561	18368
1624	3563	18367
1625	3565	18363
1626	3567	18358
1627	3569	18354
1628	3571	18350
1629	3572	18347
1630	3574	18343
1631	3577	18343
1632	3579	18342
1633	3581	18338
1634	3583	18333
1635	3585	18330
1636	3587	18327
1637	3589	18323
1638	3591	18320
1639	3593	18318
1640	3595	18315
1641	3597	18311
1642	3599	18307
1643	3601	18303
1644	3603	18301
1645	3605	18298
1646	3607	18297
1647	3610	18295
1648	3612	18293
1649	3613	18289
1650	3615	18285
1651	3618	18283
1652	3619	18278
1653	3621	18275
1654	3624	18274
1655	3626	18270
1656	3627	18266
1657	3629	18262
1658	3631	18258
1659	3634	18258
1660	3636	18255
1661	3638	18255
1662	3641	18256
1663	3643	18253
1664	3645	18250
1665	3647	18247
1666	3649	18243
1667	3651	18239
1668	3653	18238
1669	3656	18238
1670	3658	18234
1671	3660	18231
1672	3662	18227
1673	3663	18223
1674	3665	18219
1675	3668	18218
1676	3670	18217
1677	3672	18213
1678	3674	18209
1679	3676	18205
1680	3677	18201
1681	3679	18198
1682	3681	18194
1683	3684	18195
1684	3686	18192
1685	3688	18189
1686	3690	18185
1687	3692	18181
1688	3694	18177
1689	3696	18173
1690	3697	18170
1691	3700	18171
1692	3703	18169
1693	3705	18167
1694	3707	18165
1695	3709	18163
1696	3711	18160
1697	3713	18156
1698	3715	18155
1699	3717	18152
1700	3720	18149
1701	3721	18145
1702	3723	18142
1703	3725	18138
1704	3727	18134
1705	3729	18132
1706	3731	18130
1707	3733	18126
1708	3735	18122
1709	3737	18117
1710	3738	18113
1711	3740	18110
1712	3742	18106
1713	3745	18105
1714	3747	18105
1715	3749	18101
1716	3751	18097
1717	3753	18093
1718	3755	18089
1719	3756	18085
1720	3758	18081
1721	3761	18082
1722	3763	18080
1723	3765	18077
1724	3767	18073
1725	3769	18069
1726	3771	18065
1727	3773	18061
1728	3774	18057
1729	3777	18057
1730	3779	18055
1731	3781	18051
1732	3783	18047
1733	3784	18043
1734	3786	18039
1735	3788	18035
1736	3790	18033
1737	3793	18031
1738	3794	18027
1739	3796	18023
1740	3798	18019
1741	3800	18015
1742	3802	18011
1743	3804	18009
1744	3807	18010
1745	3809	18008
1746	3811	18006
1747	3813	18002
1748	3815	17998
1749	3817	17994
1750	3819	17991
1751	3822	17993
1752	3824	17991
1753	3826	17990
1754	3829	17989
1755	3831	17986
1756	3833	17983
1757	3835	17981
1758	3838	17982
1759	3840	17979
1760	3842	17975
1761	3844	17972
1762	3845	17968
1763	3847	17965
1764	3850	17963
1765	3852	17963
1766	3855	17963
1767	3857	17959
1768	3858	17955
1769	3860	17951
1770	3862	17947
1771	3864	17945
1772	3866	17941
1773	3869	17941
1774	3871	17938
1775	3873	17934
1776	3874	17930
1777	3876	17926
1778	3878	17922
1779	3880	17919
1780	3882	17918
1781	3885	17916
1782	3886	17912
1783	3888	17909
1784	3890	17905
1785	3892	17901
1786	3894	17897
1787	3896	17893
1788	3898	17894
1789	3901	17892
1790	3902	17888
1791	3904	17885
1792	3906	17881
1793	3908	17878
1794	3910	17875
1795	3912	17871
1796	3915	17871
1797	3917	17869
1798	3919	17866
1799	3921	17863
1800	3923	17861
1801	3925	17858
1802	3927	17854
1803	3930	17855
1804	3932	17851
1805	3933	17847
1806	3935	17843
1807	3937	17840
1808	3939	17836
1809	3941	17832
1810	3942	17829
1811	3945	17830
1812	3947	17826
1813	3949	17823
1814	3951	17819
1815	3953	17816
1816	3955	17812
1817	3956	17808
1818	3959	17806
1819	3961	17805
1820	3963	17801
1821	3965	17797
1822	3967	17794
1823	3968	17790
1824	3970	17786
1825	3972	17782
1826	3974	17780
1827	3976	17778
1828	3978	17774
1829	3980	17771
1830	3982	17768
1831	3984	17764
1832	3986	17759
1833	3987	17755
1834	3989	17753
1835	3992	17752
1836	3994	17751
1837	3996	17748
1838	3998	17743
1839	4000	17740
1840	4002	17736
1841	4003	17732
1842	4006	17733
1843	4008	17731
1844	4011	17731
1845	4013	17728
1846	4015	17725
1847	4017	17723
1848	4020	17722
1849	4023	17723
1850	4024	17719
1851	4026	17716
1852	4028	17712
1853	4030	17708
1854	4032	17705
1855	4034	17701
1856	4036	17701
1857	4039	17699
1858	4040	17695
1859	4042	17692
1860	4044	17688
1861	4046	17684
1862	4048	17681
1863	4050	17678
1864	4052	17678
1865	4054	17674
1866	4056	17670
1867	4058	17666
1868	4059	17662
1869	4061	17658
1870	4063	17655
1871	4066	17655
1872	4068	17654
1873	4070	17652
1874	4073	17650
1875	4075	17648
1876	4077	17644
1877	4078	17640
1878	4081	17639
1879	4083	17638
1880	4085	17634
1881	4087	17631
1882	4089	17627
1883	4091	17624
1884	4093	17621
1885	4094	17617
1886	4097	17617
1887	4099	17615
1888	4102	17613
1889	4103	17609
1890	4105	17606
1891	4107	17602
1892	4109	17600
1893	4111	17598
1894	4114	17597
1895	4116	17593
1896	4118	17590
1897	4119	17586
1898	4121	17583
1899	4123	17579
1900	4125	17576
1901	4128	17575
1902	4130	17573
1903	4132	17570
1904	4133	17565
1905	4135	17562
1906	4137	17558
1907	4139	17554
1908	4140	17550
1909	4143	17549
1910	4145	17547
1911	4147	17544
1912	4149	17541
1913	4151	17537
1914	4153	17534
1915	4155	17531
1916	4157	17528
1917	4159	17528
1918	4161	17524
1919	4163	17521
1920	4165	17517
1921	4167	17514
1922	4168	17510
1923	4170	17507
1924	4172	17503
1925	4175	17503
1926	4177	17499
1927	4178	17495
1928	4181	17493
1929	4182	17490
1930	4184	17486
1931	4186	17482
1932	4188	17480
1933	4190	17478
1934	4192	17474
1935	4194	17471
1936	4197	17472
1937	4200	17471
1938	4202	17470
1939	4205	17470
1940	4208	17471
1941	4210	17469
1942	4212	17465
1943	4213	17462
1944	4215	17458
1945	4217	17454
1946	4219	17452
1947	4222	17451
1948	4223	17448
1949	4225	17444
1950	4227	17441
1951	4229	17438
1952	4231	17435
1953	4233	17431
1954	4235	17431
1955	4237	17428
1956	4239	17425
1957	4241	17421
1958	4243	17417
1959	4245	17414
1960	4247	17410
1961	4249	17408
1962	4251	17406
1963	4253	17404
1964	4255	17400
1965	4257	17396
1966	4258	17393
1967	4260	17389
1968	4262	17385
1969	4264	17382
1970	4266	17381
1971	4268	17378
1972	4270	17375
1973	4272	17372
1974	4274	17368
1975	4276	17365
1976	4278	17362
1977	4280	17360
1978	4283	17359
1979	4284	17356
1980	4286	17352
1981	4288	17349
1982	4290	17345
1983	4292	17341
1984	4294	17338
1985	4296	17337
1986	4298	17335
1987	4300	17333
1988	4302	17329
1989	4304	17325
1990	4306	17321
1991	4307	17318
1992	4309	17314
1993	4312	17314
1994	4314	17312
1995	4316	17309
1996	4318	17305
1997	4320	17302
1998	4322	17299
1999	4323	17295
2000	4325	17292
2001	4328	17291
2002	4330	17288
2003	4332	17285
2004	4333	17281
2005	4335	17278
2006	4337	17274
2007	4339	17271
2008	4341	17270
2009	4343	17267
2010	4345	17264
2011	4347	17260
2012	4349	17257
2013	4351	17253
2014	4352	17249
2015	4354	17246
2016	4356	17243
2017	4359	17242
2018	4361	17239
2019	4362	17235
2020	4364	17232
2021	4366	17229
2022	4368	17226
2023	4370	17224
2024	4374	17226
2025	4376	17223
2026	4377	17219
2027	4379	17216
2028	4381	17212
2029	4383	17209
2030	4385	17205
2031	4388	17207
2032	4391	17208
2033	4393	17207
2034	4396	17206
2035	4398	17204
2036	4400	17200
2037	4401	17197
2038	4405	17200
2039	4407	17197
2040	4409	17193
2041	4410	17190
2042	4412	17186
2043	4414	17183
2044	4416	17180
2045	4419	17179
2046	4421	17178
2047	4423	17175
2048	4425	17172
2049	4427	17168
2050	4429	17165
2051	4431	17162
2052	4433	17162
2053	4436	17162
2054	4438	17160
2055	4440	17158
2056	4442	17154
2057	4444	17150
2058	4445	17146
2059	4447	17143
2060	4450	17142
2061	4452	17139
2062	4454	17136
2063	4455	17132
2064	4457	17129
2065	4459	17127
2066	4461	17124
2067	4463	17121
2068	4466	17119
2069	4468	17116
2070	4469	17113
2071	4471	17110
2072	4473	17106
2073	4475	17102
2074	4477	17099
2075	4478	17096
2076	4481	17095
2077	4483	17092
2078	4485	17088
2079	4487	17085
2080	4489	17082
2081	4490	17079
2082	4492	17075
2083	4494	17072
2084	4497	17073
2085	4499	17070
2086	4501	17067
2087	4503	17064
2088	4505	17061
2089	4507	17058
2090	4509	17055
2091	4511	17055
2092	4514	17053
2093	4515	17050
2094	4517	17047
2095	4519	17043
2096	4521	17040
2097	4523	17037
2098	4525	17034
2099	4527	17032
2100	4529	17030
2101	4531	17026
2102	4533	17024
2103	4535	17020
2104	4537	17016
2105	4538	17013
2106	4540	17010
2107	4543	17009
2108	4545	17007
2109	4547	17003
2110	4549	17000
2111	4550	16996
2112	4552	16993
2113	4554	16990
2114	4556	16988
2115	4558	16986
2116	4561	16984
2117	4563	16983
2118	4565	16979
2119	4567	16976
2120	4569	16973
2121	4570	16969
2122	4573	16967
2123	4574	16964
2124	4577	16963
2125	4580	16963
2126	4582	16961
2127	4584	16959
2128	4586	16957
2129	4589	16957
2130	4591	16955
2131	4593	16952
2132	4595	16948
2133	4597	16945
2134	4599	16942
2135	4601	16939
2136	4604	16940
2137	4606	16938
2138	4608	16935
2139	4610	16932
2140	4611	16929
2141	4613	16925
2142	4615	16922
2143	4618	16921
2144	4620	16919
2145	4622	16916
2146	4623	16912
2147	4625	16909
2148	4627	16905
2149	4629	16902
2150	4631	16899
2151	4633	16897
2152	4635	16895
2153	4637	16892
2154	4639	16888
2155	4641	16885
2156	4642	16882
2157	4645	16879
2158	4646	16876
2159	4650	16879
2160	4652	16876
2161	4654	16873
2162	4655	16869
2163	4657	16866
2164	4659	16863
2165	4661	16859
2166	4663	16857
2167	4666	16857
2168	4668	16854
2169	4670	16851
2170	4671	16848
2171	4673	16844
2172	4675	16842
2173	4677	16838
2174	4680	16839
2175	4683	16838
2176	4685	16836
2177	4687	16833
2178	4689	16830
2179	4691	16827
2180	4693	16824
2181	4695	16824
2182	4697	16821
2183	4699	16819
2184	4701	16816
2185	4703	16812
2186	4705	16809
2187	4707	16806
2188	4709	16803
2189	4711	16802
2190	4713	16799
2191	4715	16796
2192	4717	16793
2193	4719	16789
2194	4720	16786
2195	4722	16784
2196	4725	16782
2197	4727	16781
2198	4729	16777
2199	4731	16774
2200	4733	16771
2201	4735	16768
2202	4737	16766
2203	4738	16762
2204	4741	16761
2205	4743	16760
2206	4745	16758
2207	4747	16755
2208	4750	16755
2209	4752	16751
2210	4754	16749
2211	4756	16747
2212	4758	16744
2213	4760	16741
2214	4762	16738
2215	4765	16738
2216	4767	16736
2217	4769	16733
2218	4772	16733
2219	4774	16733
2220	4777	16732
2221	4780	16734
2222	4782	16732
2223	4784	16730
2224	4788	16732
2225	4790	16729
2226	4792	16726
2227	4794	16723
2228	4795	16720
2229	4797	16716
2230	4799	16713
2231	4802	16712
2232	4804	16711
2233	4806	16707
2234	4808	16705
2235	4810	16703
2236	4812	16701
2237	4814	16699
2238	4817	16698
2239	4819	16696
2240	4821	16692
2241	4823	16689
2242	4824	16686
2243	4826	16682
2244	4828	16680
2245	4830	16677
2246	4833	16675
2247	4835	16674
2248	4837	16671
2249	4839	16668
2250	4841	16665
2251	4842	16661
2252	4844	16658
2253	4846	16655
2254	4849	16654
2255	4851	16653
2256	4853	16650
2257	4855	16647
2258	4857	16644
2259	4859	16641
2260	4860	16638
2261	4863	16638
2262	4866	16637
2263	4868	16633
2264	4870	16631
2265	4872	16628
2266	4873	16625
2267	4875	16623
2268	4878	16620
2269	4880	16620
2270	4883	16619
2271	4885	16616
2272	4887	16613
2273	4888	16610
2274	4890	16607
2275	4892	16604
2276	4895	16603
2277	4897	16600
2278	4899	16597
2279	4901	16594
2280	4902	16591
2281	4904	16588
2282	4906	16585
2283	4908	16583
2284	4911	16583
2285	4913	16580
2286	4915	16577
2287	4917	16574
2288	4919	16571
2289	4921	16568
2290	4922	16565
2291	4925	16565
2292	4927	16562
2293	4929	16559
2294	4931	16556
2295	4933	16552
2296	4935	16549
2297	4936	16546
2298	4940	16547
2299	4942	16546
2300	4944	16543
2301	4946	16540
2302	4948	16537
2303	4950	16534
2304	4951	16531
2305	4954	16529
2306	4957	16532
2307	4959	16529
2308	4971	16559
2309	4974	16561
2310	4978	16565
2311	4980	16562
2312	4982	16559
2313	4984	16557
2314	4987	16558
2315	4989	16555
2316	4991	16552
2317	4993	16549
2318	4995	16546
2319	4997	16542
2320	4999	16539
2321	5001	16537
2322	5004	16537
2323	5005	16533
2324	5007	16530
2325	5009	16527
2326	5011	16524
2327	5013	16521
2328	5015	16518
2329	5017	16516
2330	5019	16515
2331	5021	16511
2332	5023	16508
2333	5025	16505
2334	5027	16502
2335	5028	16499
2336	5030	16495
2337	5033	16493
2338	5035	16491
2339	5036	16487
2340	5038	16484
2341	5040	16481
2342	5042	16478
2343	5044	16475
2344	5046	16472
2345	5048	16472
2346	5050	16470
2347	5052	16466
2348	5054	16463
2349	5056	16460
2350	5058	16457
2351	5060	16454
2352	5062	16452
2353	5065	16451
2354	5067	16449
2355	5069	16446
2356	5071	16444
2357	5073	16441
2358	5075	16438
2359	5076	16435
2360	5079	16434
2361	5081	16431
2362	5083	16428
2363	5085	16425
2364	5087	16422
2365	5088	16419
2366	5090	16416
2367	5092	16413
2368	5095	16412
2369	5097	16410
2370	5099	16406
2371	5101	16404
2372	5102	16400
2373	5104	16397
2374	5106	16394
2375	5108	16391
2376	5110	16390
2377	5112	16387
2378	5114	16384
2379	5116	16382
2380	5118	16379
2381	5120	16375
2382	5122	16372
2383	5124	16371
2384	5126	16369
2385	5129	16367
2386	5130	16364
2387	5132	16361
2388	5134	16357
2389	5136	16354
2390	5138	16351
2391	5140	16350
2392	5143	16349
2393	5145	16348
2394	5148	16346
2395	5150	16344
2396	5152	16342
2397	5154	16340
2398	5157	16340
2399	5159	16338
2400	5161	16335
2401	5163	16332
2402	5165	16329
2403	5166	16325
2404	5168	16322
2405	5171	16322
2406	5174	16322
2407	5176	16320
2408	5178	16319
2409	5181	16317
2410	5183	16314
2411	5184	16311
2412	5187	16309
2413	5189	16306
2414	5190	16303
2415	5192	16300
2416	5194	16296
2417	5196	16293
2418	5198	16290
2419	5199	16287
2420	5202	16286
2421	5204	16283
2422	5206	16280
2423	5208	16277
2424	5209	16274
2425	5211	16271
2426	5213	16267
2427	5215	16265
2428	5217	16263
2429	5219	16261
2430	5221	16257
2431	5223	16255
2432	5225	16252
2433	5227	16248
2434	5229	16245
2435	5231	16242
2436	5233	16241
2437	5235	16238
2438	5237	16235
2439	5238	16231
2440	5240	16228
2441	5242	16225
2442	5244	16223
2443	5247	16223
2444	5249	16221
2445	5251	16219
2446	5253	16216
2447	5255	16213
2448	5257	16210
2449	5259	16207
2450	5261	16205
2451	5264	16204
2452	5265	16201
2453	5267	16198
2454	5269	16195
2455	5271	16192
2456	5273	16189
2457	5275	16186
2458	5277	16185
2459	5280	16184
2460	5282	16180
2461	5283	16177
2462	5285	16174
2463	5287	16170
2464	5289	16167
2465	5290	16164
2466	5293	16162
2467	5295	16160
2468	5297	16158
2469	5299	16155
2470	5301	16152
2471	5302	16149
2472	5304	16146
2473	5306	16143
2474	5309	16141
2475	5311	16139
2476	5313	16136
2477	5314	16133
2478	5316	16130
2479	5318	16128
2480	5320	16125
2481	5322	16122
2482	5324	16120
2483	5326	16117
2484	5328	16114
2485	5330	16111
2486	5332	16108
2487	5334	16105
2488	5336	16103
2489	5338	16101
2490	5341	16100
2491	5343	16098
2492	5345	16097
2493	5347	16095
2494	5349	16091
2495	5351	16088
2496	5353	16085
2497	5355	16084
2498	5357	16081
2499	5359	16078
2500	5361	16075
2501	5363	16072
2502	5365	16069
2503	5367	16066
2504	5369	16064
2505	5371	16063
2506	5373	16060
2507	5375	16057
2508	5377	16055
2509	5379	16051
2510	5381	16049
2511	5383	16046
2512	5385	16044
2513	5387	16042
2514	5389	16039
2515	5391	16036
2516	5393	16033
2517	5395	16031
2518	5396	16028
2519	5398	16025
2520	5401	16023
2521	5403	16021
2522	5405	16018
2523	5407	16015
2524	5409	16013
2525	5410	16010
2526	5412	16007
2527	5414	16003
2528	5417	16003
2529	5419	16000
2530	5421	15997
2531	5422	15994
2532	5424	15991
2533	5426	15988
2534	5428	15985
2535	5430	15982
2536	5432	15981
2537	5434	15979
2538	5436	15976
2539	5438	15973
2540	5440	15970
2541	5442	15967
2542	5444	15964
2543	5446	15961
2544	5448	15960
2545	5451	15959
2546	5452	15956
2547	5454	15953
2548	5456	15950
2549	5458	15947
2550	5460	15944
2551	5462	15943
2552	5465	15941
2553	5466	15937
2554	5468	15935
2555	5470	15932
2556	5472	15929
2557	5474	15926
2558	5475	15922
2559	5478	15922
2560	5480	15919
2561	5482	15917
2562	5484	15913
2563	5486	15910
2564	5488	15908
2565	5490	15905
2566	5492	15903
2567	5494	15902
2568	5496	15898
2569	5498	15895
2570	5500	15893
2571	5502	15890
2572	5503	15886
2573	5505	15884
2574	5508	15883
2575	5510	15881
2576	5512	15878
2577	5514	15875
2578	5515	15871
2579	5517	15868
2580	5519	15866
2581	5521	15863
2582	5524	15863
2583	5526	15861
2584	5528	15859
2585	5531	15857
2586	5533	15854
2587	5534	15851
2588	5537	15849
2589	5540	15851
2590	5543	15850
2591	5545	15848
2592	5547	15846
2593	5549	15843
2594	5551	15840
2595	5553	15837
2596	5555	15837
2597	5557	15834
2598	5559	15831
2599	5561	15828
2600	5563	15825
2601	5565	15822
2602	5566	15819
2603	5569	15818
2604	5571	15816
2605	5573	15813
2606	5575	15810
2607	5577	15807
2608	5579	15804
2609	5581	15802
2610	5582	15799
2611	5585	15798
2612	5587	15795
2613	5589	15792
2614	5590	15789
2615	5592	15786
2616	5594	15783
2617	5596	15780
2618	5598	15777
2619	5600	15775
2620	5602	15774
2621	5604	15771
2622	5606	15768
2623	5608	15766
2624	5610	15763
2625	5612	15760
2626	5614	15758
2627	5617	15757
2628	5618	15754
2629	5620	15751
2630	5622	15748
2631	5624	15745
2632	5626	15742
2633	5628	15739
2634	5630	15737
2635	5632	15735
2636	5634	15733
2637	5636	15730
2638	5638	15727
2639	5640	15725
2640	5642	15722
2641	5644	15719
2642	5646	15718
2643	5648	15715
2644	5650	15712
2645	5652	15709
2646	5654	15706
2647	5656	15703
2648	5658	15701
2649	5659	15698
2650	5662	15697
2651	5664	15694
2652	5666	15691
2653	5668	15689
2654	5670	15687
2655	5672	15684
2656	5674	15682
2657	5676	15680
2658	5678	15678
2659	5680	15675
2660	5682	15672
2661	5684	15669
2662	5686	15666
2663	5688	15663
2664	5690	15660
2665	5692	15660
2666	5694	15658
2667	5697	15656
2668	5699	15653
2669	5700	15650
2670	5702	15647
2671	5704	15645
2672	5706	15642
2673	5708	15640
2674	5711	15640
2675	5713	15638
2676	5716	15636
2677	5718	15635
2678	5720	15632
2679	5723	15632
2680	5725	15630
2681	5727	15629
2682	5729	15626
2683	5731	15623
2684	5733	15620
2685	5735	15617
2686	5738	15616
2687	5740	15615
2688	5742	15612
2689	5744	15609
2690	5746	15606
2691	5747	15603
2692	5749	15601
2693	5751	15598
2694	5754	15598
2695	5756	15595
2696	5758	15592
2697	5760	15589
2698	5762	15586
2699	5763	15583
2700	5765	15580
2701	5768	15579
2702	5770	15577
2703	5772	15574
2704	5773	15571
2705	5775	15568
2706	5777	15565
2707	5779	15562
2708	5781	15559
2709	5784	15560
2710	5786	15558
2711	5789	15556
2712	5790	15553
2713	5792	15551
2714	5794	15548
2715	5796	15545
2716	5798	15543
2717	5800	15541
2718	5802	15538
2719	5804	15535
2720	5806	15532
2721	5808	15529
2722	5810	15526
2723	5812	15524
2724	5815	15524
2725	5817	15522
2726	5819	15519
2727	5821	15517
2728	5822	15514
2729	5824	15511
2730	5826	15509
2731	5829	15507
2732	5831	15505
2733	5833	15503
2734	5835	15500
2735	5837	15497
2736	5839	15494
2737	5841	15492
2738	5843	15489
2739	5845	15488
2740	5847	15486
2741	5849	15483
2742	5851	15480
2743	5853	15477
2744	5855	15474
2745	5856	15472
2746	5858	15469
2747	5861	15468
2748	5863	15465
2749	5865	15462
2750	5867	15459
2751	5869	15457
2752	5870	15454
2753	5872	15451
2754	5874	15449
2755	5877	15447
2756	5879	15445
2757	5881	15442
2758	5882	15439
2759	5885	15438
2760	5887	15435
2761	5888	15432
2762	5891	15430
2763	5893	15428
2764	5895	15425
2765	5896	15422
2766	5898	15419
2767	5901	15419
2768	5904	15418
2769	5907	15419
2770	5910	15418
2771	5912	15416
2772	5914	15413
2773	5916	15410
2774	5917	15407
2775	5919	15405
2776	5922	15404
2777	5924	15402
2778	5926	15399
2779	5928	15396
2780	5929	15393
2781	5931	15390
2782	5933	15387
2783	5935	15385
2784	5938	15384
2785	5940	15381
2786	5942	15378
2787	5944	15375
2788	5945	15373
2789	5947	15370
2790	5949	15367
2791	5952	15366
2792	5954	15364
2793	5956	15362
2794	5958	15359
2795	5960	15356
2796	5962	15354
2797	5963	15351
2798	5965	15348
2799	5968	15347
2800	5970	15345
2801	5972	15342
2802	5974	15339
2803	5976	15336
2804	5977	15333
2805	5979	15331
2806	5981	15328
2807	5984	15327
2808	5986	15325
2809	5988	15322
2810	5990	15319
2811	5992	15317
2812	5994	15314
2813	5996	15313
2814	5999	15312
2815	6001	15309
2816	6002	15306
2817	6004	15303
2818	6006	15301
2819	6008	15297
2820	6010	15295
2821	6012	15292
2822	6014	15291
2823	6016	15289
2824	6018	15287
2825	6020	15284
2826	6022	15281
2827	6024	15278
2828	6026	15275
2829	6028	15274
2830	6031	15274
2831	6033	15271
2832	6035	15268
2833	6037	15265
2834	6039	15263
2835	6041	15260
2836	6042	15257
2837	6045	15256
2838	6047	15254
2839	6049	15251
2840	6051	15248
2841	6053	15245
2842	6055	15243
2843	6056	15240
2844	6058	15237
2845	6061	15236
2846	6063	15233
2847	6065	15230
2848	6066	15228
2849	6068	15225
2850	6070	15222
2851	6072	15219
2852	6075	15218
2853	6077	15216
2854	6078	15213
2855	6080	15210
2856	6082	15208
2857	6084	15205
2858	6086	15203
2859	6089	15203
2860	6092	15202
2861	6094	15199
2862	6096	15197
2863	6098	15195
2864	6100	15192
2865	6102	15190
2866	6104	15188
2867	6107	15187
2868	6109	15185
2869	6111	15182
2870	6113	15179
2871	6115	15176
2872	6116	15174
2873	6118	15171
2874	6121	15170
2875	6123	15168
2876	6125	15165
2877	6127	15163
2878	6129	15160
2879	6131	15157
2880	6133	15155
2881	6135	15153
2882	6138	15152
2883	6139	15149
2884	6141	15146
2885	6143	15144
2886	6145	15141
2887	6147	15139
2888	6149	15136
2889	6151	15134
2890	6154	15133
2891	6156	15130
2892	6158	15128
2893	6160	15125
2894	6161	15122
2895	6163	15120
2896	6165	15118
2897	6168	15116
2898	6170	15113
2899	6171	15110
2900	6173	15108
2901	6175	15105
2902	6177	15102
2903	6179	15099
2904	6181	15098
2905	6184	15096
2906	6185	15093
2907	6187	15090
2908	6190	15088
2909	6191	15086
2910	6193	15083
2911	6195	15080
2912	6198	15079
2913	6200	15077
2914	6202	15075
2915	6204	15072
2916	6206	15069
2917	6207	15066
2918	6209	15064
2919	6211	15061
2920	6214	15060
2921	6216	15057
2922	6218	15055
2923	6220	15052
2924	6222	15049
2925	6223	15047
2926	6225	15044
2927	6227	15042
2928	6229	15039
2929	6231	15036
2930	6233	15033
2931	6235	15030
2932	6237	15028
2933	6238	15025
2934	6240	15022
2935	6242	15020
2936	6245	15018
2937	6247	15016
2938	6249	15013
2939	6250	15010
2940	6252	15007
2941	6254	15004
2942	6256	15002
2943	6258	15001
2944	6261	14999
2945	6263	14998
2946	6266	14996
2947	6268	14994
2948	6270	14992
2949	6272	14989
2950	6274	14988
2951	6277	14986
2952	6279	14985
2953	6281	14982
2954	6283	14981
2955	6285	14979
2956	6287	14976
2957	6291	14976
2958	6293	14975
2959	6295	14972
2960	6297	14969
2961	6299	14967
2962	6300	14964
2963	6302	14961
2964	6305	14960
2965	6307	14958
2966	6309	14956
2967	6311	14953
2968	6313	14951
2969	6315	14948
2970	6317	14945
2971	6319	14944
2972	6321	14942
2973	6323	14940
2974	6325	14937
2975	6327	14934
2976	6329	14931
2977	6331	14928
2978	6333	14926
2979	6335	14925
2980	6338	14923
2981	6340	14921
2982	6341	14918
2983	6343	14915
2984	6345	14912
2985	6347	14909
2986	6349	14907
2987	6351	14906
2988	6353	14903
2989	6355	14900
2990	6357	14898
2991	6359	14895
2992	6361	14892
2993	6363	14889
2994	6365	14887
2995	6367	14885
2996	6369	14883
2997	6371	14880
2998	6372	14877
2999	6374	14874
3000	6376	14872
3001	6378	14869
3002	6380	14867
3003	6383	14866
3004	6385	14864
3005	6387	14861
3006	6389	14858
3007	6391	14856
3008	6393	14855
3009	6395	14852
3010	6398	14850
3011	6399	14848
3012	6401	14845
3013	6403	14842
3014	6405	14839
3015	6407	14837
3016	6409	14834
3017	6411	14832
3018	6413	14830
3019	6415	14828
3020	6417	14825
3021	6419	14822
3022	6421	14819
3023	6423	14817
3024	6425	14814
3025	6427	14813
3026	6429	14811
3027	6431	14808
3028	6433	14805
3029	6435	14803
3030	6437	14800
3031	6439	14798
3032	6441	14795
3033	6443	14793
3034	6445	14791
3035	6447	14788
3036	6449	14786
3037	6451	14784
3038	6453	14782
3039	6455	14779
3040	6457	14776
3041	6459	14774
3042	6461	14771
3043	6463	14769
3044	6465	14766
3045	6467	14765
3046	6469	14763
3047	6471	14760
3048	6474	14760
3049	6477	14760
3050	6479	14758
3051	6481	14755
3052	6483	14752
3053	6485	14749
3054	6487	14747
3055	6489	14746
3056	6491	14744
3057	6493	14742
3058	6495	14739
3059	6497	14736
3060	6499	14734
3061	6501	14731
3062	6504	14730
3063	6506	14728
3064	6508	14725
3065	6509	14722
3066	6511	14720
3067	6513	14717
3068	6515	14714
3069	6517	14712
3070	6519	14710
3071	6522	14708
3072	6524	14706
3073	6525	14703
3074	6527	14700
3075	6529	14697
3076	6531	14695
3077	6533	14693
3078	6536	14692
3079	6538	14690
3080	6540	14688
3081	6542	14685
3082	6544	14682
3083	6546	14680
3084	6548	14677
3085	6550	14676
3086	6552	14674
3087	6554	14671
3088	6556	14668
3089	6558	14665
3090	6560	14662
3091	6561	14660
3092	6563	14657
3093	6566	14656
3094	6568	14654
3095	6570	14651
3096	6572	14648
3097	6573	14645
3098	6575	14642
3099	6577	14640
3100	6579	14637
3101	6582	14636
3102	6584	14634
3103	6586	14632
3104	6588	14630
3105	6590	14627
3106	6592	14625
3107	6594	14622
3108	6597	14622
3109	6598	14619
3110	6600	14616
3111	6602	14613
3112	6604	14611
3113	6606	14608
3114	6608	14605
3115	6609	14603
3116	6612	14602
3117	6614	14599
3118	6616	14597
3119	6618	14595
3120	6620	14592
3121	6622	14589
3122	6624	14587
3123	6627	14587
3124	6629	14585
3125	6632	14583
3126	6634	14581
3127	6636	14579
3128	6638	14576
3129	6640	14574
3130	6642	14573
3131	6644	14570
3132	6646	14568
3133	6648	14565
3134	6650	14562
3135	6652	14559
3136	6654	14557
3137	6656	14556
3138	6659	14555
3139	6661	14553
3140	6663	14551
3141	6665	14549
3142	6667	14546
3143	6669	14544
3144	6671	14541
3145	6674	14541
3146	6676	14539
3147	6678	14537
3148	6680	14534
3149	6682	14531
3150	6684	14529
3151	6686	14526
3152	6689	14526
3153	6691	14524
3154	6693	14521
3155	6695	14519
3156	6697	14516
3157	6699	14514
3158	6701	14511
3159	6703	14509
3160	6705	14508
3161	6707	14506
3162	6709	14503
3163	6711	14500
3164	6713	14497
3165	6715	14495
3166	6717	14492
3167	6719	14491
3168	6721	14489
3169	6723	14486
3170	6725	14484
3171	6727	14481
3172	6729	14478
3173	6731	14476
3174	6733	14473
3175	6735	14472
3176	6737	14470
3177	6739	14467
3178	6741	14464
3179	6743	14462
3180	6745	14459
3181	6747	14456
3182	6748	14454
3183	6751	14452
3184	6753	14450
3185	6755	14447
3186	6757	14445
3187	6759	14442
3188	6761	14440
3189	6762	14437
3190	6765	14435
3191	6767	14433
3192	6769	14432
3193	6771	14429
3194	6773	14427
3195	6775	14424
3196	6777	14421
3197	6779	14419
3198	6782	14418
3199	6784	14416
3200	6785	14413
3201	6787	14410
3202	6789	14407
3203	6791	14404
3204	6793	14402
3205	6795	14400
3206	6797	14398
3207	6799	14395
3208	6801	14393
3209	6803	14390
3210	6804	14387
3211	6806	14384
3212	6808	14382
3213	6811	14381
3214	6813	14379
3215	6815	14376
3216	6817	14374
3217	6819	14371
3218	6821	14369
3219	6823	14366
3220	6824	14363
3221	6827	14362
3222	6830	14362
3223	6832	14359
3224	6834	14356
3225	6835	14353
3226	6837	14351
3227	6839	14348
3228	6841	14346
3229	6844	14345
3230	6846	14343
3231	6848	14341
3232	6850	14339
3233	6852	14337
3234	6854	14334
3235	6857	14332
3236	6859	14331
3237	6861	14329
3238	6863	14327
3239	6865	14324
3240	6867	14321
3241	6869	14318
3242	6870	14315
3243	6874	14316
3244	6876	14313
3245	6877	14311
3246	6879	14308
3247	6881	14305
3248	6883	14302
3249	6885	14299
3250	6887	14297
3251	6889	14296
3252	6891	14294
3253	6893	14291
3254	6895	14289
3255	6897	14286
3256	6899	14283
3257	6901	14281
3258	6904	14280
3259	6906	14278
3260	6907	14275
3261	6909	14272
3262	6911	14270
3263	6913	14267
3264	6915	14264
3265	6916	14261
3266	6919	14260
3267	6921	14258
3268	6923	14255
3269	6924	14252
3270	6926	14249
3271	6928	14247
3272	6930	14244
3273	6932	14242
3274	6935	14240
3275	6936	14238
3276	6938	14235
3277	6940	14232
3278	6942	14230
3279	6944	14227
3280	6946	14225
3281	6948	14223
3282	6951	14221
3283	6953	14219
3284	6955	14217
3285	6957	14214
3286	6959	14212
3287	6961	14210
3288	6963	14208
3289	6965	14206
3290	6967	14204
3291	6969	14201
3292	6971	14198
3293	6973	14196
3294	6975	14194
3295	6977	14192
3296	6979	14190
3297	6982	14188
3298	6984	14186
3299	6986	14183
3300	6988	14181
3301	6990	14179
3302	6992	14177
3303	6995	14177
3304	6997	14175
3305	6999	14173
3306	7001	14170
3307	7003	14168
3308	7005	14165
3309	7007	14163
3310	7009	14161
3311	7012	14159
3312	7013	14157
3313	7015	14154
3314	7018	14152
3315	7020	14150
3316	7022	14147
3317	7024	14145
3318	7026	14144
3319	7028	14141
3320	7030	14139
3321	7032	14136
3322	7034	14135
3323	7036	14133
3324	7039	14131
3325	7047	14140
3326	7053	14146
3327	7058	14149
3328	7060	14148
3329	7062	14146
3330	7064	14143
3331	7066	14141
3332	7068	14138
3333	7070	14136
3334	7072	14135
3335	7075	14133
3336	7077	14131
3337	7079	14128
3338	7081	14126
3339	7082	14123
3340	7084	14121
3341	7086	14118
3342	7089	14117
3343	7091	14115
3344	7093	14112
3345	7095	14110
3346	7097	14107
3347	7099	14105
3348	7101	14102
3349	7103	14101
3350	7105	14099
3351	7108	14097
3352	7110	14094
3353	7111	14092
3354	7113	14090
3355	7115	14087
3356	7117	14085
3357	7120	14084
3358	7122	14081
3359	7124	14079
3360	7126	14076
3361	7127	14073
3362	7129	14070
3363	7131	14068
3364	7134	14067
3365	7136	14065
3366	7138	14063
3367	7140	14060
3368	7142	14058
3369	7144	14055
3370	7146	14053
3371	7148	14051
3372	7151	14049
3373	7153	14047
3374	7155	14045
3375	7157	14042
3376	7159	14040
3377	7160	14037
3378	7162	14035
3379	7165	14033
3380	7167	14031
3381	7169	14029
3382	7171	14026
3383	7172	14023
3384	7174	14021
3385	7176	14018
3386	7178	14016
3387	7181	14014
3388	7182	14011
3389	7184	14009
3390	7186	14007
3391	7188	14004
3392	7190	14002
3393	7192	13999
3394	7195	13998
3395	7197	13996
3396	7199	13994
3397	7201	13991
3398	7203	13989
3399	7205	13986
3400	7207	13984
3401	7209	13983
3402	7212	13981
3403	7214	13978
3404	7215	13975
3405	7217	13973
3406	7219	13970
3407	7221	13967
3408	7223	13965
3409	7226	13965
3410	7228	13963
3411	7230	13961
3412	7233	13959
3413	7234	13957
3414	7236	13954
3415	7238	13952
3416	7241	13950
3417	7243	13948
3418	7245	13947
3419	7247	13944
3420	7249	13941
3421	7251	13939
3422	7253	13936
3423	7255	13934
3424	7258	13934
3425	7260	13932
3426	7262	13929
3427	7264	13927
3428	7266	13924
3429	7268	13922
3430	7270	13920
3431	7273	13919
3432	7275	13917
3433	7277	13914
3434	7279	13911
3435	7280	13909
3436	7282	13906
3437	7284	13903
3438	7286	13901
3439	7288	13899
3440	7290	13897
3441	7292	13894
3442	7294	13892
3443	7296	13889
3444	7298	13886
3445	7300	13884
3446	7302	13882
3447	7304	13880
3448	7306	13878
3449	7308	13875
3450	7310	13873
3451	7312	13870
3452	7314	13868
3453	7316	13865
3454	7318	13864
3455	7320	13861
3456	7322	13859
3457	7324	13857
3458	7326	13854
3459	7328	13852
3460	7330	13849
3461	7332	13847
3462	7334	13845
3463	7337	13843
3464	7339	13841
3465	7341	13839
3466	7342	13836
3467	7344	13833
3468	7346	13831
3469	7349	13830
3470	7351	13828
3471	7353	13825
3472	7355	13823
3473	7357	13820
3474	7359	13818
3475	7361	13815
3476	7363	13813
3477	7365	13812
3478	7367	13809
3479	7369	13807
3480	7371	13805
3481	7374	13804
3482	7376	13801
3483	7378	13799
3484	7380	13798
3485	7382	13795
3486	7384	13792
3487	7386	13790
3488	7388	13787
3489	7390	13785
3490	7392	13782
3491	7394	13780
3492	7396	13779
3493	7399	13777
3494	7400	13774
3495	7402	13771
3496	7404	13769
3497	7406	13766
3498	7408	13764
3499	7410	13762
3500	7413	13761
3501	7415	13759
3502	7417	13757
3503	7419	13755
3504	7421	13753
3505	7423	13750
3506	7426	13750
3507	7428	13748
3508	7430	13745
3509	7432	13743
3510	7434	13740
3511	7436	13737
3512	7438	13735
3513	7440	13733
3514	7444	13735
3515	7448	13735
3516	7450	13733
3517	7452	13731
3518	7454	13729
3519	7457	13728
3520	7459	13725
3521	7461	13723
3522	7463	13721
3523	7465	13718
3524	7467	13716
3525	7469	13714
3526	7472	13713
3527	7474	13711
3528	7476	13709
3529	7478	13706
3530	7480	13704
3531	7482	13702
3532	7484	13700
3533	7487	13699
3534	7489	13697
3535	7491	13694
3536	7493	13692
3537	7495	13689
3538	7497	13687
3539	7499	13685
3540	7502	13685
3541	7504	13683
3542	7506	13681
3543	7508	13678
3544	7510	13676
3545	7512	13673
3546	7514	13671
3547	7517	13669
3548	7519	13668
3549	7521	13665
3550	7523	13663
3551	7525	13660
3552	7527	13658
3553	7528	13655
3554	7530	13652
3555	7533	13652
3556	7535	13650
3557	7537	13647
3558	7539	13645
3559	7541	13642
3560	7543	13640
3561	7545	13637
3562	7547	13635
3563	7550	13634
3564	7551	13631
3565	7553	13628
3566	7555	13625
3567	7557	13623
3568	7559	13620
3569	7560	13617
3570	7562	13615
3571	7565	13613
3572	7566	13611
3573	7568	13608
3574	7570	13605
3575	7572	13603
3576	7574	13601
3577	7576	13598
3578	7578	13596
3579	7580	13594
3580	7582	13592
3581	7584	13589
3582	7586	13587
3583	7589	13585
3584	7590	13583
3585	7592	13580
3586	7595	13579
3587	7597	13577
3588	7599	13574
3589	7601	13572
3590	7604	13571
3591	7606	13570
3592	7609	13568
3593	7612	13568
3594	7615	13567
3595	7617	13565
3596	7619	13563
3597	7621	13560
3598	7623	13558
3599	7626	13557
3600	7628	13555
3601	7630	13553
3602	7632	13551
3603	7634	13548
3604	7636	13546
3605	7638	13544
3606	7641	13543
3607	7643	13541
3608	7645	13538
3609	7647	13536
3610	7649	13534
3611	7651	13531
3612	7653	13528
3613	7655	13526
3614	7657	13525
3615	7659	13523
3616	7661	13520
3617	7663	13518
3618	7665	13516
3619	7667	13513
3620	7669	13511
3621	7672	13510
3622	7674	13508
3623	7676	13506
3624	7678	13503
3625	7680	13501
3626	7682	13498
3627	7684	13496
3628	7686	13494
3629	7689	13493
3630	7690	13490
3631	7692	13487
3632	7694	13485
3633	7696	13482
3634	7698	13480
3635	7700	13477
3636	7703	13476
3637	7705	13474
3638	7707	13472
3639	7709	13469
3640	7710	13467
3641	7712	13464
3642	7714	13462
3643	7717	13460
3644	7720	13459
3645	7722	13458
3646	7724	13455
3647	7726	13453
3648	7728	13450
3649	7730	13448
3650	7732	13446
3651	7735	13445
3652	7736	13442
3653	7738	13440
3654	7740	13437
3655	7742	13434
3656	7744	13432
3657	7746	13430
3658	7749	13430
3659	7752	13429
3660	7754	13426
3661	7756	13424
3662	7758	13422
3663	7760	13419
3664	7762	13417
3665	7765	13416
3666	7767	13413
3667	7769	13411
3668	7770	13408
3669	7772	13406
3670	7774	13403
3671	7776	13401
3672	7779	13401
3673	7781	13398
3674	7783	13396
3675	7785	13393
3676	7786	13390
3677	7788	13387
3678	7790	13384
3679	7792	13382
3680	7796	13383
3681	7798	13381
3682	7800	13379
3683	7802	13377
3684	7804	13374
3685	7805	13369
3686	7807	13367
3687	7809	13365
3688	7812	13364
3689	7814	13362
3690	7816	13360
3691	7818	13357
3692	7819	13354
3693	7822	13352
3694	7824	13350
3695	7827	13350
3696	7829	13349
3697	7831	13346
3698	7833	13343
3699	7835	13341
3700	7837	13338
3701	7838	13335
3702	7841	13334
3703	7843	13332
3704	7845	13330
3705	7847	13327
3706	7849	13324
3707	7851	13322
3708	7852	13319
3709	7854	13317
3710	7857	13316
3711	7859	13314
3712	7861	13311
3713	7863	13309
3714	7865	13306
3715	7867	13303
3716	7868	13301
3717	7871	13299
3718	7873	13297
3719	7875	13295
3720	7877	13292
3721	7879	13290
3722	7881	13287
3723	7883	13285
3724	7884	13282
3725	7887	13280
3726	7889	13278
3727	7890	13275
3728	7892	13273
3729	7894	13270
3730	7896	13268
3731	7898	13265
3732	7900	13263
3733	7902	13261
3734	7904	13259
3735	7907	13257
3736	7909	13255
3737	7910	13252
3738	7912	13249
3739	7914	13247
3740	7916	13244
3741	7919	13243
3742	7921	13241
3743	7922	13238
3744	7925	13236
3745	7926	13234
3746	7928	13231
3747	7930	13228
3748	7932	13226
3749	7935	13225
3750	7937	13223
3751	7939	13220
3752	7940	13217
3753	7942	13215
3754	7944	13212
3755	7946	13210
3756	7948	13208
3757	7951	13206
3758	7952	13204
3759	7954	13201
3760	7956	13198
3761	7958	13196
3762	7960	13193
3763	7962	13191
3764	7964	13189
3765	7966	13187
3766	7968	13185
3767	7970	13183
3768	7972	13180
3769	7974	13178
3770	7976	13175
3771	7978	13173
3772	7980	13171
3773	7983	13169
3774	7985	13167
3775	7987	13165
3776	7989	13163
3777	7991	13162
3778	7994	13160
3779	7997	13159
3780	7999	13157
3781	8001	13155
3782	8003	13152
3783	8005	13150
3784	8007	13148
3785	8010	13147
3786	8013	13146
3787	8014	13143
3788	8016	13141
3789	8018	13138
3790	8020	13136
3791	8022	13133
3792	8024	13131
3793	8027	13130
3794	8029	13128
3795	8031	13125
3796	8032	13123
3797	8034	13120
3798	8036	13118
3799	8038	13115
3800	8042	13116
3801	8044	13114
3802	8046	13111
3803	8048	13109
3804	8050	13106
3805	8052	13104
3806	8054	13101
3807	8056	13101
3808	8059	13098
3809	8060	13096
3810	8062	13093
3811	8064	13091
3812	8066	13089
3813	8068	13086
3814	8070	13084
3815	8073	13082
3816	8075	13080
3817	8076	13078
3818	8078	13075
3819	8080	13073
3820	8082	13070
3821	8084	13068
3822	8087	13067
3823	8089	13065
3824	8091	13063
3825	8093	13060
3826	8095	13058
3827	8097	13055
3828	8099	13053
3829	8102	13052
3830	8104	13050
3831	8106	13047
3832	8108	13045
3833	8109	13042
3834	8111	13040
3835	8113	13037
3836	8116	13036
3837	8119	13035
3838	8121	13033
3839	8123	13031
3840	8125	13029
3841	8127	13026
3842	8129	13024
3843	8131	13022
3844	8134	13020
3845	8135	13018
3846	8137	13015
3847	8139	13013
3848	8141	13010
3849	8143	13008
3850	8145	13006
3851	8147	13004
3852	8150	13002
3853	8151	12999
3854	8153	12997
3855	8155	12995
3856	8157	12992
3857	8159	12990
3858	8161	12988
3859	8164	12986
3860	8166	12984
3861	8167	12981
3862	8169	12979
3863	8171	12976
3864	8173	12974
3865	8176	12972
3866	8178	12971
3867	8180	12969
3868	8183	12967
3869	8185	12966
3870	8187	12963
3871	8189	12961
3872	8191	12959
3873	8194	12957
3874	8196	12955
3875	8198	12953
3876	8200	12950
3877	8202	12948
3878	8204	12946
3879	8206	12944
3880	8208	12942
3881	8211	12940
3882	8213	12938
3883	8215	12936
3884	8217	12933
3885	8219	12931
3886	8220	12928
3887	8222	12926
3888	8225	12925
3889	8227	12922
3890	8229	12920
3891	8231	12918
3892	8233	12916
3893	8235	12913
3894	8237	12911
3895	8239	12909
3896	8242	12907
3897	8243	12905
3898	8246	12903
3899	8248	12901
3900	8250	12898
3901	8251	12895
3902	8253	12893
3903	8256	12891
3904	8258	12889
3905	8260	12887
3906	8262	12884
3907	8264	12882
3908	8266	12880
3909	8267	12877
3910	8270	12875
3911	8272	12873
3912	8274	12871
3913	8276	12869
3914	8278	12866
3915	8280	12864
3916	8282	12862
3917	8284	12859
3918	8286	12858
3919	8289	12856
3920	8291	12854
3921	8293	12851
3922	8294	12849
3923	8296	12846
3924	8298	12844
3925	8301	12843
3926	8303	12841
3927	8305	12838
3928	8307	12836
3929	8309	12833
3930	8311	12831
3931	8313	12828
3932	8314	12826
3933	8317	12825
3934	8319	12823
3935	8321	12820
3936	8323	12818
3937	8325	12815
3938	8327	12813
3939	8329	12810
3940	8331	12809
3941	8334	12807
3942	8335	12805
3943	8337	12802
3944	8339	12800
3945	8341	12797
3946	8343	12795
3947	8345	12793
3948	8348	12792
3949	8350	12790
3950	8352	12787
3951	8354	12785
3952	8356	12782
3953	8358	12780
3954	8360	12777
3955	8362	12776
3956	8365	12774
3957	8367	12773
3958	8369	12771
3959	8372	12769
3960	8374	12767
3961	8377	12766
3962	8380	12765
3963	8382	12764
3964	8384	12762
3965	8386	12760
3966	8388	12757
3967	8390	12755
3968	8393	12754
3969	8395	12752
3970	8397	12749
3971	8399	12747
3972	8401	12744
3973	8403	12742
3974	8405	12740
3975	8407	12737
3976	8410	12736
3977	8411	12734
3978	8413	12731
3979	8415	12729
3980	8417	12726
3981	8419	12724
3982	8421	12721
3983	8424	12720
3984	8426	12718
3985	8428	12716
3986	8429	12713
3987	8431	12711
3988	8433	12709
3989	8436	12707
3990	8438	12705
3991	8441	12703
3992	8442	12701
3993	8444	12698
3994	8446	12696
3995	8448	12693
3996	8450	12691
3997	8452	12689
3998	8454	12687
3999	8457	12685
4000	8458	12683
4001	8460	12680
4002	8462	12678
4003	8464	12675
4004	8466	12673
4005	8468	12670
4006	8471	12670
4007	8473	12668
4008	8475	12665
4009	8477	12663
4010	8479	12661
4011	8481	12659
4012	8484	12657
4013	8486	12656
4014	8489	12654
4015	8490	12651
4016	8492	12649
4017	8494	12646
4018	8496	12644
4019	8498	12642
4020	8500	12640
4021	8503	12638
4022	8504	12635
4023	8506	12633
4024	8508	12631
4025	8510	12628
4026	8512	12626
4027	8514	12623
4028	8517	12622
4029	8519	12620
4030	8521	12617
4031	8522	12615
4032	8524	12612
4033	8526	12610
4034	8528	12608
4035	8530	12605
4036	8533	12604
4037	8535	12601
4038	8536	12599
4039	8539	12597
4040	8541	12594
4041	8543	12592
4042	8544	12590
4043	8547	12588
4044	8549	12586
4045	8551	12583
4046	8553	12581
4047	8555	12580
4048	8558	12578
4049	8560	12576
4050	8563	12575
4051	8565	12573
4052	8567	12571
4053	8569	12569
4054	8571	12567
4055	8573	12564
4056	8575	12562
4057	8578	12561
4058	8580	12558
4059	8582	12556
4060	8584	12554
4061	8586	12551
4062	8588	12549
4063	8589	12546
4064	8592	12544
4065	8594	12543
4066	8596	12540
4067	8598	12538
4068	8600	12535
4069	8602	12533
4070	8604	12531
4071	8605	12528
4072	8608	12527
4073	8610	12525
4074	8613	12523
4075	8614	12520
4076	8616	12518
4077	8618	12515
4078	8620	12513
4079	8622	12510
4080	8625	12509
4081	8627	12507
4082	8628	12504
4083	8630	12502
4084	8632	12499
4085	8634	12497
4086	8636	12494
4087	8638	12492
4088	8640	12491
4089	8642	12488
4090	8644	12486
4091	8646	12483
4092	8648	12481
4093	8650	12478
4094	8651	12476
4095	8655	12475
4096	8657	12473
4097	8659	12471
4098	8661	12468
4099	8663	12466
4100	8665	12464
4101	8667	12461
4102	8669	12460
4103	8672	12458
4104	8674	12456
4105	8676	12454
4106	8678	12452
4107	8680	12450
4108	8682	12447
4109	8684	12445
4110	8687	12444
4111	8688	12441
4112	8690	12439
4113	8692	12436
4114	8694	12434
4115	8696	12432
4116	8698	12429
4117	8701	12428
4118	8703	12426
4119	8705	12423
4120	8706	12421
4121	8708	12418
4122	8710	12416
4123	8712	12413
4124	8714	12411
4125	8717	12410
4126	8719	12407
4127	8720	12405
4128	8722	12402
4129	8724	12400
4130	8726	12397
4131	8728	12396
4132	8731	12394
4133	8733	12392
4134	8735	12389
4135	8737	12387
4136	8738	12384
4137	8740	12382
4138	8742	12380
4139	8745	12378
4140	8748	12377
4141	8750	12375
4142	8760	12385
4143	8764	12385
4144	8767	12383
4145	8769	12381
4146	8770	12379
4147	8772	12376
4148	8774	12374
4149	8777	12372
4150	8779	12370
4151	8781	12368
4152	8783	12366
4153	8785	12363
4154	8787	12361
4155	8789	12359
4156	8792	12357
4157	8794	12356
4158	8796	12353
4159	8798	12351
4160	8800	12349
4161	8802	12347
4162	8804	12344
4163	8806	12342
4164	8808	12340
4165	8810	12338
4166	8812	12336
4167	8814	12334
4168	8816	12331
4169	8818	12329
4170	8820	12327
4171	8823	12325
4172	8825	12323
4173	8827	12321
4174	8829	12318
4175	8831	12316
4176	8833	12314
4177	8835	12311
4178	8838	12311
4179	8840	12309
4180	8842	12306
4181	8844	12305
4182	8847	12303
4183	8849	12301
4184	8851	12299
4185	8854	12297
4186	8856	12296
4187	8858	12294
4188	8860	12291
4189	8862	12289
4190	8864	12286
4191	8866	12284
4192	8869	12283
4193	8871	12281
4194	8873	12278
4195	8875	12276
4196	8877	12274
4197	8879	12271
4198	8881	12269
4199	8883	12267
4200	8885	12265
4201	8887	12263
4202	8889	12261
4203	8891	12259
4204	8893	12256
4205	8895	12254
4206	8897	12252
4207	8900	12250
4208	8902	12248
4209	8904	12246
4210	8906	12243
4211	8908	12241
4212	8910	12239
4213	8912	12236
4214	8914	12235
4215	8917	12233
4216	8919	12231
4217	8921	12228
4218	8923	12226
4219	8924	12224
4220	8926	12221
4221	8928	12219
4222	8931	12218
4223	8934	12216
4224	8936	12214
4225	8938	12212
4226	8940	12210
4227	8942	12208
4228	8944	12206
4229	8947	12205
4230	8949	12203
4231	8951	12200
4232	8953	12198
4233	8955	12196
4234	8957	12194
4235	8960	12192
4236	8962	12191
4237	8965	12188
4238	8967	12186
4239	8968	12184
4240	8970	12181
4241	8972	12179
4242	8974	12177
4243	8978	12177
4244	8980	12175
4245	8982	12172
4246	8984	12170
4247	8986	12168
4248	8988	12166
4249	8990	12163
4250	8993	12162
4251	8995	12159
4252	8997	12157
4253	8999	12155
4254	9001	12153
4255	9003	12150
4256	9005	12148
4257	9008	12147
4258	9010	12145
4259	9012	12143
4260	9014	12140
4261	9015	12138
4262	9017	12136
4263	9019	12133
4264	9022	12132
4265	9024	12130
4266	9026	12127
4267	9028	12125
4268	9030	12123
4269	9032	12120
4270	9034	12118
4271	9036	12116
4272	9039	12114
4273	9041	12113
4274	9043	12110
4275	9045	12108
4276	9047	12106
4277	9049	12103
4278	9051	12101
4279	9054	12100
4280	9056	12098
4281	9058	12096
4282	9060	12093
4283	9062	12091
4284	9064	12089
4285	9066	12086
4286	9068	12085
4287	9070	12083
4288	9072	12080
4289	9074	12078
4290	9076	12076
4291	9078	12074
4292	9080	12071
4293	9082	12069
4294	9085	12067
4295	9087	12065
4296	9089	12063
4297	9091	12060
4298	9093	12058
4299	9095	12056
4300	9097	12054
4301	9099	12052
4302	9101	12050
4303	9103	12047
4304	9105	12045
4305	9108	12044
4306	9110	12041
4307	9112	12039
4308	9114	12037
4309	9116	12035
4310	9118	12032
4311	9120	12030
4312	9122	12028
4313	9124	12026
4314	9126	12024
4315	9129	12023
4316	9132	12022
4317	9134	12020
4318	9137	12018
4319	9139	12016
4320	9140	12013
4321	9142	12011
4322	9145	12009
4323	9147	12007
4324	9149	12005
4325	9151	12003
4326	9153	12000
4327	9155	11998
4328	9157	11995
4329	9159	11993
4330	9161	11992
4331	9163	11989
4332	9165	11987
4333	9167	11984
4334	9169	11982
4335	9171	11980
4336	9173	11978
4337	9175	11976
4338	9178	11974
4339	9180	11972
4340	9182	11970
4341	9184	11967
4342	9185	11965
4343	9187	11962
4344	9189	11960
4345	9191	11958
4346	9194	11956
4347	9196	11954
4348	9198	11952
4349	9200	11949
4350	9202	11947
4351	9203	11944
4352	9205	11942
4353	9208	11940
4354	9210	11938
4355	9212	11936
4356	9214	11933
4357	9216	11931
4358	9218	11929
4359	9219	11926
4360	9221	11924
4361	9224	11923
4362	9227	11921
4363	9229	11919
4364	9231	11917
4365	9233	11915
4366	9235	11912
4367	9237	11910
4368	9240	11909
4369	9242	11907
4370	9244	11905
4371	9246	11903
4372	9248	11900
4373	9250	11898
4374	9252	11895
4375	9254	11894
4376	9256	11891
4377	9258	11889
4378	9260	11887
4379	9262	11884
4380	9264	11882
4381	9266	11880
4382	9268	11878
4383	9271	11876
4384	9273	11874
4385	9275	11871
4386	9277	11869
4387	9278	11867
4388	9281	11865
4389	9282	11862
4390	9285	11861
4391	9287	11859
4392	9289	11856
4393	9291	11854
4394	9293	11851
4395	9295	11849
4396	9297	11847
4397	9300	11846
4398	9302	11844
4399	9304	11841
4400	9306	11839
4401	9308	11837
4402	9310	11835
4403	9312	11833
4404	9315	11832
4405	9318	11830
4406	9320	11828
4407	9322	11826
4408	9324	11824
4409	9326	11822
4410	9328	11820
4411	9331	11818
4412	9333	11817
4413	9336	11815
4414	9338	11812
4415	9340	11810
4416	9341	11807
4417	9343	11805
4418	9346	11804
4419	9348	11802
4420	9350	11800
4421	9352	11797
4422	9355	11795
4423	9357	11794
4424	9359	11792
4425	9362	11790
4426	9364	11788
4427	9366	11786
4428	9368	11784
4429	9370	11782
4430	9372	11779
4431	9374	11777
4432	9377	11775
4433	9379	11773
4434	9381	11771
4435	9383	11769
4436	9385	11767
4437	9387	11764
4438	9389	11762
4439	9391	11760
4440	9394	11759
4441	9396	11756
4442	9398	11754
4443	9400	11752
4444	9402	11750
4445	9404	11747
4446	9406	11745
4447	9408	11744
4448	9410	11741
4449	9412	11739
4450	9414	11737
4451	9416	11735
4452	9418	11732
4453	9420	11730
4454	9423	11728
4455	9425	11727
4456	9427	11725
4457	9430	11722
4458	9431	11720
4459	9433	11718
4460	9435	11715
4461	9438	11714
4462	9441	11713
4463	9443	11710
4464	9444	11708
4465	9446	11706
4466	9448	11703
4467	9450	11701
4468	9452	11699
4469	9455	11698
4470	9458	11696
4471	9460	11693
4472	9462	11691
4473	9464	11689
4474	9466	11687
4475	9468	11685
4476	9470	11683
4477	9472	11681
4478	9474	11679
4479	9476	11676
4480	9478	11674
4481	9480	11672
4482	9482	11670
4483	9486	11669
4484	9488	11667
4485	9490	11664
4486	9492	11662
4487	9494	11660
4488	9496	11658
4489	9498	11655
4490	9500	11654
4491	9503	11653
4492	9506	11651
4493	9528	11673
4494	9530	11672
4495	9533	11671
4496	9536	11669
4497	9538	11667
4498	9540	11665
4499	9552	11675
4500	9554	11672
4501	9556	11670
4502	9558	11668
4503	9560	11666
4504	9563	11665
4505	9565	11663
4506	9568	11661
4507	9570	11659
4508	9572	11656
4509	9574	11654
4510	9576	11652
4511	9579	11651
4512	9581	11649
4513	9584	11647
4514	9585	11645
4515	9587	11643
4516	9589	11640
4517	9591	11638
4518	9594	11636
4519	9596	11634
4520	9598	11632
4521	9600	11630
4522	9602	11627
4523	9604	11625
4524	9606	11623
4525	9608	11620
4526	9611	11619
4527	9613	11617
4528	9615	11614
4529	9616	11612
4530	9618	11610
4531	9620	11607
4532	9622	11605
4533	9625	11604
4534	9627	11602
4535	9629	11599
4536	9631	11597
4537	9633	11595
4538	9635	11592
4539	9637	11590
4540	9639	11588
4541	9641	11586
4542	9643	11583
4543	9645	11581
4544	9647	11579
4545	9650	11577
4546	9652	11575
4547	9654	11572
4548	9656	11571
4549	9658	11569
4550	9660	11566
4551	9662	11564
4552	9664	11562
4553	9667	11560
4554	9669	11558
4555	9672	11557
4556	9674	11555
4557	9677	11554
4558	9679	11551
4559	9681	11549
4560	9683	11547
4561	9685	11544
4562	9688	11543
4563	9689	11541
4564	9691	11538
4565	9693	11536
4566	9696	11534
4567	9698	11532
4568	9700	11530
4569	9702	11528
4570	9704	11526
4571	9707	11524
4572	9709	11522
4573	9711	11520
4574	9713	11517
4575	9715	11515
4576	9717	11514
4577	9720	11512
4578	9722	11509
4579	9724	11507
4580	9726	11505
4581	9728	11503
4582	9730	11500
4583	9732	11499
4584	9735	11497
4585	9737	11495
4586	9739	11493
4587	9741	11490
4588	9743	11488
4589	9745	11486
4590	9747	11484
4591	9749	11482
4592	9752	11480
4593	9754	11478
4594	9755	11475
4595	9757	11473
4596	9760	11471
4597	9762	11469
4598	9765	11467
4599	9766	11465
4600	9768	11463
4601	9770	11460
4602	9772	11458
4603	9774	11456
4604	9776	11454
4605	9779	11452
4606	9782	11450
4607	9784	11448
4608	9786	11446
4609	9788	11444
4610	9790	11441
4611	9792	11439
4612	9795	11439
4613	9797	11436
4614	9799	11434
4615	9801	11432
4616	9803	11429
4617	9805	11427
4618	9807	11425
4619	9809	11423
4620	9812	11421
4621	9814	11419
4622	9816	11417
4623	9818	11414
4624	9820	11412
4625	9821	11410
4626	9823	11407
4627	9826	11406
4628	9828	11404
4629	9830	11401
4630	9832	11399
4631	9834	11397
4632	9837	11395
4633	9839	11393
4634	9841	11391
4635	9843	11389
4636	9845	11387
4637	9847	11384
4638	9849	11382
4639	9851	11380
4640	9854	11379
4641	9857	11377
4642	9859	11375
4643	9861	11373
4644	9864	11371
4645	9865	11369
4646	9867	11367
4647	9869	11364
4648	9872	11363
4649	9875	11361
4650	9877	11359
4651	9879	11357
4652	9881	11355
4653	9883	11353
4654	9885	11350
4655	9888	11349
4656	9890	11347
4657	9892	11345
4658	9894	11343
4659	9896	11341
4660	9898	11338
4661	9900	11336
4662	9903	11335
4663	9905	11332
4664	9907	11330
4665	9909	11328
4666	9911	11326
4667	9913	11323
4668	9915	11321
4669	9918	11319
4670	9920	11317
4671	9922	11315
4672	9923	11312
4673	9925	11310
4674	9928	11308
4675	9930	11306
4676	9933	11305
4677	9935	11303
4678	9937	11301
4679	9939	11299
4680	9941	11296
4681	9943	11294
4682	9945	11292
4683	9948	11290
4684	9950	11288
4685	9952	11286
4686	9954	11283
4687	9956	11281
4688	9958	11279
4689	9960	11276
4690	9961	11274
4691	9964	11272
4692	9966	11270
4693	9969	11268
4694	9971	11266
4695	9973	11264
4696	9975	11262
4697	9977	11259
4698	9979	11258
4699	9982	11256
4700	9983	11253
4701	9985	11251
4702	9987	11249
4703	9989	11247
4704	9991	11244
4705	9994	11242
4706	9996	11241
4707	9998	11238
4708	10000	11236
4709	10002	11234
4710	10004	11231
4711	10006	11229
4712	10008	11227
4713	10011	11225
4714	10013	11223
4715	10015	11221
4716	10017	11219
4717	10019	11217
4718	10021	11215
4719	10023	11212
4720	10026	11212
4721	10029	11209
4722	10030	11207
4723	10032	11205
4724	10034	11202
4725	10036	11200
4726	10038	11198
4727	10041	11197
4728	10044	11195
4729	10046	11193
4730	10048	11191
4731	10051	11189
4732	10053	11187
4733	10055	11185
4734	10058	11184
4735	10061	11182
4736	10062	11180
4737	10064	11178
4738	10066	11175
4739	10068	11173
4740	10071	11172
4741	10074	11170
4742	10076	11168
4743	10078	11165
4744	10080	11163
4745	10082	11161
4746	10084	11158
4747	10086	11156
4748	10088	11155
4749	10090	11153
4750	10092	11150
4751	10094	11148
4752	10096	11146
4753	10098	11143
4754	10100	11141
4755	10104	11140
4756	10106	11138
4757	10107	11136
4758	10109	11133
4759	10111	11131
4760	10113	11129
4761	10115	11126
4762	10118	11125
4763	10120	11123
4764	10122	11120
4765	10124	11118
4766	10126	11116
4767	10128	11114
4768	10130	11112
4769	10133	11110
4770	10135	11108
4771	10137	11106
4772	10139	11103
4773	10141	11101
4774	10143	11099
4775	10145	11097
4776	10147	11094
4777	10150	11093
4778	10152	11091
4779	10154	11088
4780	10156	11086
4781	10158	11084
4782	10160	11082
4783	10162	11079
4784	10164	11078
4785	10166	11075
4786	10168	11073
4787	10170	11071
4788	10172	11068
4789	10174	11066
4790	10176	11064
4791	10178	11062
4792	10181	11060
4793	10183	11058
4794	10184	11055
4795	10186	11053
4796	10188	11051
4797	10190	11048
4798	10192	11046
4799	10195	11045
4800	10197	11043
4801	10199	11040
4802	10201	11038
4803	10203	11036
4804	10205	11033
4805	10207	11031
4806	10209	11029
4807	10212	11028
4808	10214	11025
4809	10216	11023
4810	10218	11021
4811	10220	11019
4812	10222	11016
4813	10224	11014
4814	10226	11012
4815	10228	11010
4816	10231	11008
4817	10233	11006
4818	10235	11004
4819	10248	11014
4820	10251	11012
4821	10255	11013
4822	10259	11012
4823	10260	11008
4824	10262	11006
4825	10264	11004
4826	10266	11002
4827	10268	11000
4828	10270	10997
4829	10272	10996
4830	10275	10994
4831	10277	10991
4832	10279	10989
4833	10281	10987
4834	10283	10985
4835	10285	10982
4836	10287	10980
4837	10290	10979
4838	10292	10977
4839	10294	10975
4840	10297	10973
4841	10299	10971
4842	10301	10969
4843	10304	10968
4844	10306	10966
4845	10308	10963
4846	10310	10961
4847	10312	10959
4848	10314	10956
4849	10316	10954
4850	10319	10952
4851	10321	10951
4852	10323	10948
4853	10325	10946
4854	10327	10944
4855	10329	10941
4856	10331	10939
4857	10333	10937
4858	10335	10935
4859	10337	10933
4860	10339	10931
4861	10341	10928
4862	10343	10926
4863	10345	10924
4864	10347	10922
4865	10351	10921
4866	10353	10919
4867	10355	10917
4868	10357	10914
4869	10359	10912
4870	10361	10910
4871	10363	10907
4872	10366	10906
4873	10368	10904
4874	10370	10901
4875	10372	10899
4876	10374	10897
4877	10375	10894
4878	10377	10892
4879	10380	10890
4880	10382	10889
4881	10384	10886
4882	10386	10884
4883	10389	10882
4884	10391	10880
4885	10393	10878
4886	10395	10876
4887	10397	10874
4888	10399	10872
4889	10401	10869
4890	10403	10867
4891	10405	10865
4892	10408	10863
4893	10410	10861
4894	10412	10859
4895	10414	10856
4896	10416	10854
4897	10418	10852
4898	10420	10850
4899	10422	10848
4900	10425	10846
4901	10428	10845
4902	10430	10843
4903	10432	10841
4904	10434	10839
4905	10436	10836
4906	10438	10834
4907	10441	10832
4908	10443	10831
4909	10446	10829
4910	10448	10827
4911	10450	10825
4912	10452	10822
4913	10454	10820
4914	10457	10818
4915	10459	10817
4916	10461	10814
4917	10463	10812
4918	10465	10810
4919	10467	10807
4920	10469	10805
4921	10471	10803
4922	10474	10802
4923	10476	10800
4924	10479	10798
4925	10480	10795
4926	10483	10793
4927	10484	10791
4928	10487	10789
4929	10489	10787
4930	10491	10785
4931	10493	10782
4932	10495	10780
4933	10497	10778
4934	10499	10776
4935	10502	10774
4936	10504	10773
4937	10506	10770
4938	10508	10768
4939	10510	10766
4940	10512	10763
4941	10514	10761
4942	10516	10758
4943	10519	10757
4944	10521	10755
4945	10523	10753
4946	10525	10750
4947	10527	10748
4948	10529	10746
4949	10531	10744
4950	10533	10742
4951	10536	10740
4952	10538	10738
4953	10540	10736
4954	10542	10734
4955	10544	10731
4956	10546	10729
4957	10548	10727
4958	10551	10725
4959	10553	10723
4960	10555	10721
4961	10557	10718
4962	10559	10716
4963	10561	10714
4964	10563	10712
4965	10565	10710
4966	10567	10708
4967	10569	10705
4968	10571	10703
4969	10573	10701
4970	10575	10698
4971	10577	10696
4972	10579	10694
4973	10581	10692
4974	10584	10690
4975	10586	10688
4976	10588	10686
4977	10590	10683
4978	10592	10681
4979	10594	10679
4980	10597	10678
4981	10599	10675
4982	10601	10673
4983	10603	10671
4984	10605	10669
4985	10607	10666
4986	10609	10664
4987	10612	10663
4988	10615	10661
4989	10617	10659
4990	10619	10657
4991	10621	10655
4992	10623	10653
4993	10625	10651
4994	10628	10649
4995	10630	10647
4996	10633	10646
4997	10635	10643
4998	10637	10641
4999	10639	10639
5000	10641	10637
5001	10644	10635
5002	10646	10633
5003	10647	10630
5004	10649	10628
5005	10651	10626
5006	10653	10623
5007	10656	10622
5008	10659	10620
5009	10661	10618
5010	10663	10616
5011	10665	10614
5012	10668	10612
5013	10670	10610
5014	10672	10608
5015	10674	10606
5016	10676	10604
5017	10678	10601
5018	10680	10599
5019	10682	10597
5020	10684	10595
5021	10686	10593
5022	10688	10590
5023	10691	10588
5024	10693	10586
5025	10695	10584
5026	10697	10582
5027	10699	10579
5028	10701	10577
5029	10703	10575
5030	10705	10573
5031	10707	10571
5032	10709	10569
5033	10711	10567
5034	10714	10565
5035	10716	10562
5036	10718	10560
5037	10720	10558
5038	10723	10557
5039	10725	10555
5040	10727	10552
5041	10729	10550
5042	10731	10548
5043	10733	10546
5044	10735	10544
5045	10737	10542
5046	10739	10539
5047	10742	10537
5048	10744	10535
5049	10746	10533
5050	10747	10530
5051	10750	10528
5052	10752	10526
5053	10754	10524
5054	10755	10521
5055	10758	10519
5056	10760	10517
5057	10762	10515
5058	10764	10513
5059	10766	10511
5060	10769	10509
5061	10771	10507
5062	10773	10505
5063	10775	10502
5064	10777	10500
5065	10779	10498
5066	10782	10497
5067	10784	10495
5068	10786	10492
5069	10788	10490
5070	10790	10488
5071	10792	10486
5072	10794	10483
5073	10796	10482
5074	10799	10479
5075	10800	10477
5076	10802	10475
5077	10805	10473
5078	10807	10471
5079	10809	10469
5080	10812	10467
5081	10814	10465
5082	10817	10464
5083	10819	10462
5084	10821	10459
5085	10823	10457
5086	10825	10455
5087	10828	10453
5088	10830	10451
5089	10832	10449
5090	10834	10447
5091	10836	10444
5092	10838	10442
5093	10840	10440
5094	10842	10438
5095	10844	10435
5096	10846	10433
5097	10848	10431
5098	10850	10428
5099	10852	10426
5100	10854	10424
5101	10856	10422
5102	10858	10420
5103	10861	10418
5104	10863	10416
5105	10865	10414
5106	10867	10411
5107	10869	10409
5108	10871	10407
5109	10873	10405
5110	10875	10403
5111	10877	10401
5112	10879	10398
5113	10881	10396
5114	10883	10394
5115	10885	10391
5116	10888	10390
5117	10890	10388
5118	10892	10386
5119	10894	10384
5120	10897	10382
5121	10899	10380
5122	10901	10378
5123	10904	10376
5124	10907	10375
5125	10909	10373
5126	10911	10371
5127	10914	10369
5128	10916	10367
5129	10919	10365
5130	10921	10364
5131	10924	10362
5132	10927	10360
5133	10929	10358
5134	10931	10356
5135	10933	10354
5136	10936	10352
5137	10938	10350
5138	10940	10348
5139	10943	10346
5140	10945	10345
5141	10947	10343
5142	10950	10341
5143	10953	10340
5144	10955	10338
5145	10958	10336
5146	10960	10334
5147	10962	10332
5148	10965	10331
5149	10968	10329
5150	10970	10327
5151	10972	10325
5152	10974	10323
5153	10977	10321
5154	10979	10319
5155	10982	10317
5156	10984	10315
5157	10986	10313
5158	10988	10311
5159	10991	10309
5160	10994	10308
5161	10997	10307
5162	11000	10305
5163	11002	10303
5164	11004	10301
5165	11006	10298
5166	11007	10296
5167	11010	10294
5168	11012	10292
5169	11014	10290
5170	11016	10287
5171	11018	10285
5172	11020	10283
5173	11022	10281
5174	11024	10278
5175	11026	10276
5176	11028	10274
5177	11030	10271
5178	11032	10269
5179	11034	10267
5180	11036	10265
5181	11039	10263
5182	11042	10262
5183	11044	10260
5184	11046	10258
5185	11048	10255
5186	11050	10253
5187	11051	10250
5188	11053	10248
5189	11056	10246
5190	11058	10244
5191	11060	10242
5192	11062	10239
5193	11064	10237
5194	11066	10235
5195	11068	10233
5196	11070	10231
5197	11072	10229
5198	11074	10227
5199	11076	10224
5200	11078	10222
5201	11080	10219
5202	11082	10217
5203	11084	10215
5204	11086	10213
5205	11088	10211
5206	11090	10209
5207	11093	10206
5208	11094	10204
5209	11096	10202
5210	11098	10199
5211	11100	10197
5212	11102	10195
5213	11104	10193
5214	11107	10191
5215	11109	10189
5216	11111	10186
5217	11112	10184
5218	11114	10181
5219	11116	10179
5220	11118	10177
5221	11120	10175
5222	11122	10172
5223	11124	10170
5224	11126	10168
5225	11128	10165
5226	11130	10163
5227	11132	10161
5228	11134	10158
5229	11136	10156
5230	11138	10154
5231	11140	10152
5232	11142	10150
5233	11144	10147
5234	11146	10145
5235	11148	10143
5236	11150	10141
5237	11152	10139
5238	11154	10136
5239	11156	10134
5240	11158	10132
5241	11160	10129
5242	11162	10127
5243	11164	10125
5244	11166	10123
5245	11168	10121
5246	11170	10119
5247	11172	10116
5248	11174	10114
5249	11176	10112
5250	11179	10110
5251	11181	10108
5252	11183	10106
5253	11185	10104
5254	11188	10102
5255	11190	10100
5256	11192	10098
5257	11195	10096
5258	11197	10094
5259	11199	10092
5260	11202	10090
5261	11204	10088
5262	11206	10086
5263	11208	10083
5264	11210	10081
5265	11212	10079
5266	11214	10077
5267	11216	10074
5268	11217	10072
5269	11219	10070
5270	11221	10067
5271	11223	10065
5272	11225	10063
5273	11227	10061
5274	11230	10059
5275	11232	10056
5276	11233	10054
5277	11235	10052
5278	11237	10049
5279	11239	10047
5280	11242	10045
5281	11244	10043
5282	11245	10041
5283	11247	10038
5284	11249	10036
5285	11251	10034
5286	11253	10031
5287	11255	10029
5288	11257	10027
5289	11259	10025
5290	11261	10022
5291	11263	10020
5292	11265	10018
5293	11267	10016
5294	11269	10013
5295	11271	10011
5296	11274	10009
5297	11276	10007
5298	11278	10005
5299	11280	10003
5300	11281	10000
5301	11283	9998
5302	11285	9996
5303	11287	9993
5304	11290	9991
5305	11292	9989
5306	11294	9987
5307	11296	9985
5308	11298	9983
5309	11300	9980
5310	11302	9978
5311	11304	9976
5312	11306	9973
5313	11307	9971
5314	11309	9969
5315	11311	9966
5316	11313	9964
5317	11315	9962
5318	11317	9960
5319	11320	9958
5320	11322	9956
5321	11324	9953
5322	11326	9951
5323	11328	9949
5324	11329	9946
5325	11331	9944
5326	11334	9942
5327	11336	9940
5328	11338	9938
5329	11340	9936
5330	11342	9933
5331	11344	9931
5332	11346	9929
5333	11348	9927
5334	11350	9925
5335	11352	9923
5336	11354	9920
5337	11356	9918
5338	11359	9916
5339	11361	9914
5340	11363	9912
5341	11365	9910
5342	11368	9908
5343	11369	9906
5344	11372	9904
5345	11374	9902
5346	11377	9900
5347	11380	9898
5348	11382	9897
5349	11385	9895
5350	11387	9893
5351	11390	9891
5352	11391	9889
5353	11394	9887
5354	11396	9885
5355	11398	9883
5356	11400	9880
5357	11402	9878
5358	11405	9877
5359	11407	9874
5360	11410	9873
5361	11412	9871
5362	11414	9869
5363	11416	9867
5364	11418	9864
5365	11420	9862
5366	11422	9860
5367	11425	9858
5368	11427	9856
5369	11429	9854
5370	11431	9852
5371	11433	9849
5372	11435	9847
5373	11437	9845
5374	11439	9843
5375	11441	9841
5376	11443	9839
5377	11445	9836
5378	11447	9834
5379	11449	9832
5380	11451	9830
5381	11453	9827
5382	11456	9825
5383	11458	9823
5384	11460	9821
5385	11462	9819
5386	11464	9817
5387	11466	9814
5388	11467	9812
5389	11470	9810
5390	11472	9808
5391	11474	9805
5392	11476	9804
5393	11478	9801
5394	11480	9799
5395	11482	9797
5396	11484	9795
5397	11486	9792
5398	11489	9791
5399	11491	9789
5400	11493	9787
5401	11495	9784
5402	11497	9782
5403	11499	9780
5404	11502	9778
5405	11504	9776
5406	11506	9774
5407	11508	9772
5408	11510	9769
5409	11512	9767
5410	11514	9765
5411	11517	9763
5412	11519	9761
5413	11521	9759
5414	11523	9757
5415	11525	9755
5416	11527	9752
5417	11529	9750
5418	11531	9748
5419	11534	9747
5420	11536	9744
5421	11538	9742
5422	11540	9740
5423	11542	9738
5424	11545	9736
5425	11547	9734
5426	11550	9732
5427	11552	9730
5428	11554	9728
5429	11556	9725
5430	11558	9723
5431	11560	9721
5432	11563	9720
5433	11566	9718
5434	11568	9717
5435	11578	9721
5436	11582	9720
5437	11585	9719
5438	11588	9717
5439	11590	9715
5440	11592	9713
5441	11595	9711
5442	11597	9709
5443	11599	9707
5444	11601	9705
5445	11603	9702
5446	11605	9700
5447	11607	9698
5448	11609	9696
5449	11611	9694
5450	11614	9692
5451	11616	9689
5452	11618	9687
5453	11620	9685
5454	11622	9683
5455	11623	9680
5456	11626	9679
5457	11628	9676
5458	11630	9674
5459	11632	9672
5460	11634	9670
5461	11636	9667
5462	11638	9665
5463	11640	9663
5464	11642	9661
5465	11645	9659
5466	11647	9657
5467	11649	9654
5468	11650	9652
5469	11652	9650
5470	11654	9648
5471	11657	9646
5472	11659	9644
5473	11661	9641
5474	11663	9639
5475	11665	9637
5476	11667	9635
5477	11669	9632
5478	11671	9630
5479	11673	9628
5480	11676	9626
5481	11678	9624
5482	11680	9622
5483	11682	9620
5484	11684	9618
5485	11686	9615
5486	11688	9613
5487	11690	9611
5488	11692	9609
5489	11694	9607
5490	11696	9604
5491	11698	9602
5492	11700	9600
5493	11702	9598
5494	11704	9595
5495	11706	9593
5496	11708	9591
5497	11710	9589
5498	11712	9586
5499	11714	9584
5500	11716	9582
5501	11718	9580
5502	11720	9578
5503	11722	9575
5504	11724	9573
5505	11726	9571
5506	11728	9568
5507	11730	9566
5508	11732	9564
5509	11734	9562
5510	11736	9560
5511	11739	9558
5512	11741	9556
5513	11743	9554
5514	11745	9551
5515	11747	9549
5516	11749	9547
5517	11751	9545
5518	11753	9543
5519	11756	9541
5520	11758	9539
5521	11760	9537
5522	11763	9535
5523	11765	9533
5524	11769	9532
5525	11771	9530
5526	11774	9528
5527	11776	9526
5528	11778	9524
5529	11780	9522
5530	11783	9521
5531	11785	9519
5532	11787	9516
5533	11789	9514
5534	11791	9512
5535	11793	9510
5536	11796	9508
5537	11798	9506
5538	11800	9504
5539	11802	9501
5540	11804	9499
5541	11806	9497
5542	11808	9495
5543	11811	9493
5544	11813	9491
5545	11815	9488
5546	11817	9486
5547	11819	9484
5548	11821	9482
5549	11823	9480
5550	11826	9478
5551	11828	9476
5552	11831	9474
5553	11833	9472
5554	11835	9470
5555	11837	9468
5556	11839	9465
5557	11841	9464
5558	11843	9461
5559	11846	9459
5560	11848	9457
5561	11850	9455
5562	11852	9453
5563	11854	9450
5564	11856	9448
5565	11858	9446
5566	11860	9444
5567	11862	9442
5568	11864	9440
5569	11866	9437
5570	11868	9435
5571	11870	9433
5572	11872	9431
5573	11875	9429
5574	11877	9427
5575	11879	9425
5576	11882	9423
5577	11884	9421
5578	11886	9419
5579	11889	9417
5580	11891	9415
5581	11893	9413
5582	11896	9411
5583	11898	9409
5584	11900	9407
5585	11902	9405
5586	11904	9403
5587	11906	9400
5588	11908	9398
5589	11910	9396
5590	11912	9394
5591	11914	9391
5592	11916	9389
5593	11918	9387
5594	11921	9385
5595	11923	9383
5596	11925	9381
5597	11927	9379
5598	11929	9377
5599	11931	9374
5600	11933	9372
5601	11936	9370
5602	11938	9368
5603	11940	9366
5604	11942	9364
5605	11944	9362
5606	11947	9360
5607	11949	9358
5608	11951	9356
5609	11954	9354
5610	11956	9352
5611	11958	9350
5612	11960	9348
5613	11962	9345
5614	11964	9343
5615	11966	9341
5616	11969	9339
5617	11971	9337
5618	11973	9335
5619	11975	9333
5620	11977	9331
5621	11980	9329
5622	11982	9327
5623	11984	9325
5624	11986	9322
5625	11988	9320
5626	11990	9318
5627	11992	9316
5628	11994	9314
5629	11997	9312
5630	11999	9310
5631	12001	9307
5632	12003	9305
5633	12005	9303
5634	12006	9300
5635	12008	9298
5636	12011	9296
5637	12013	9294
5638	12015	9292
5639	12017	9290
5640	12019	9287
5641	12021	9285
5642	12023	9283
5643	12025	9281
5644	12028	9279
5645	12030	9277
5646	12032	9275
5647	12034	9272
5648	12036	9270
5649	12038	9268
5650	12040	9266
5651	12042	9263
5652	12044	9261
5653	12046	9259
5654	12048	9257
5655	12050	9254
5656	12052	9252
5657	12054	9250
5658	12056	9248
5659	12058	9246
5660	12061	9244
5661	12063	9242
5662	12065	9239
5663	12066	9237
5664	12068	9235
5665	12070	9233
5666	12073	9231
5667	12075	9229
5668	12077	9226
5669	12079	9224
5670	12081	9222
5671	12083	9219
5672	12085	9217
5673	12087	9215
5674	12090	9213
5675	12092	9211
5676	12094	9209
5677	12096	9207
5678	12098	9205
5679	12100	9202
5680	12102	9201
5681	12105	9199
5682	12107	9197
5683	12109	9194
5684	12111	9192
5685	12113	9190
5686	12115	9188
5687	12117	9186
5688	12120	9184
5689	12122	9182
5690	12124	9179
5691	12126	9177
5692	12128	9175
5693	12130	9173
5694	12132	9171
5695	12136	9170
5696	12138	9168
5697	12141	9166
5698	12143	9164
5699	12146	9162
5700	12148	9160
5701	12150	9158
5702	12153	9156
5703	12155	9154
5704	12157	9152
5705	12159	9150
5706	12160	9147
5707	12163	9145
5708	12165	9143
5709	12167	9141
5710	12169	9139
5711	12171	9137
5712	12173	9135
5713	12175	9132
5714	12177	9130
5715	12180	9128
5716	12182	9126
5717	12184	9124
5718	12186	9122
5719	12188	9120
5720	12191	9118
5721	12193	9116
5722	12195	9114
5723	12198	9112
5724	12200	9110
5725	12201	9107
5726	12203	9105
5727	12205	9103
5728	12207	9101
5729	12210	9099
5730	12212	9097
5731	12214	9095
5732	12216	9092
5733	12219	9090
5734	12220	9088
5735	12222	9086
5736	12224	9084
5737	12227	9082
5738	12229	9079
5739	12231	9077
5740	12233	9075
5741	12235	9073
5742	12237	9071
5743	12239	9068
5744	12241	9066
5745	12244	9064
5746	12246	9062
5747	12248	9060
5748	12250	9058
5749	12252	9056
5750	12254	9054
5751	12257	9052
5752	12259	9050
5753	12261	9047
5754	12263	9045
5755	12265	9043
5756	12267	9041
5757	12269	9039
5758	12271	9037
5759	12273	9034
5760	12275	9032
5761	12278	9030
5762	12280	9028
5763	12282	9026
5764	12284	9024
5765	12286	9021
5766	12288	9019
5767	12290	9017
5768	12292	9015
5769	12294	9013
5770	12296	9011
5771	12298	9008
5772	12300	9006
5773	12303	9004
5774	12305	9002
5775	12308	9001
5776	12310	8998
5777	12312	8996
5778	12313	8994
5779	12315	8991
5780	12318	8989
5781	12320	8987
5782	12322	8985
5783	12325	8983
5784	12327	8981
5785	12329	8979
5786	12332	8977
5787	12334	8976
5788	12337	8974
5789	12339	8972
5790	12341	8970
5791	12343	8967
5792	12345	8965
5793	12347	8963
5794	12349	8961
5795	12352	8959
5796	12354	8957
5797	12356	8954
5798	12358	8952
5799	12360	8950
5800	12362	8948
5801	12364	8946
5802	12367	8944
5803	12369	8942
5804	12371	8940
5805	12373	8937
5806	12375	8935
5807	12377	8933
5808	12380	8931
5809	12383	8930
5810	12386	8928
5811	12388	8927
5812	12391	8925
5813	12394	8923
5814	12397	8922
5815	12400	8920
5816	12402	8918
5817	12404	8916
5818	12406	8914
5819	12409	8912
5820	12412	8910
5821	12414	8908
5822	12416	8906
5823	12418	8904
5824	12421	8902
5825	12423	8900
5826	12425	8898
5827	12428	8896
5828	12430	8894
5829	12433	8892
5830	12435	8890
5831	12438	8889
5832	12441	8887
5833	12443	8885
5834	12445	8883
5835	12447	8881
5836	12450	8879
5837	12452	8877
5838	12455	8875
5839	12457	8874
5840	12460	8872
5841	12462	8869
5842	12464	8867
5843	12466	8865
5844	12468	8863
5845	12471	8861
5846	12473	8859
5847	12476	8858
5848	12478	8856
5849	12481	8854
5850	12484	8853
5851	12488	8851
5852	12491	8850
5853	12493	8848
5854	12496	8846
5855	12499	8844
5856	12501	8843
5857	12504	8841
5858	12506	8839
5859	12508	8837
5860	12511	8835
5861	12514	8833
5862	12516	8832
5863	12519	8830
5864	12522	8828
5865	12525	8827
5866	12527	8825
5867	12529	8822
5868	12531	8820
5869	12534	8818
5870	12536	8816
5871	12538	8814
5872	12541	8812
5873	12543	8810
5874	12545	8808
5875	12547	8806
5876	12550	8804
5877	12552	8802
5878	12554	8800
5879	12556	8798
5880	12558	8796
5881	12560	8793
5882	12563	8791
5883	12565	8789
5884	12567	8787
5885	12570	8785
5886	12572	8783
5887	12574	8781
5888	12577	8779
5889	12579	8778
5890	12582	8776
5891	12584	8774
5892	12586	8772
5893	12588	8769
5894	12590	8767
5895	12593	8765
5896	12595	8763
5897	12597	8761
5898	12599	8759
5899	12601	8757
5900	12604	8755
5901	12606	8753
5902	12609	8751
5903	12611	8749
5904	12613	8747
5905	12616	8745
5906	12618	8743
5907	12620	8741
5908	12623	8739
5909	12625	8737
5910	12629	8736
5911	12631	8734
5912	12634	8732
5913	12636	8730
5914	12639	8728
5915	12641	8727
5916	12644	8725
5917	12647	8723
5918	12649	8721
5919	12652	8719
5920	12655	8718
5921	12657	8716
5922	12660	8714
5923	12662	8712
5924	12665	8710
5925	12667	8708
5926	12669	8706
5927	12672	8704
5928	12674	8702
5929	12677	8701
5930	12679	8699
5931	12682	8696
5932	12685	8695
5933	12687	8693
5934	12690	8691
5935	12692	8689
5936	12694	8687
5937	12697	8686
5938	12701	8685
5939	12704	8683
5940	12717	8689
5941	12723	8689
5942	12726	8688
5943	12729	8686
5944	12733	8685
5945	12736	8683
5946	12738	8681
5947	12741	8679
5948	12743	8677
5949	12746	8675
5950	12748	8673
5951	12750	8671
5952	12752	8669
5953	12754	8667
5954	12757	8665
5955	12759	8663
5956	12761	8661
5957	12763	8659
5958	12766	8657
5959	12768	8654
5960	12770	8652
5961	12772	8650
5962	12774	8648
5963	12776	8646
5964	12778	8644
5965	12780	8641
5966	12782	8639
5967	12785	8637
5968	12787	8635
5969	12789	8633
5970	12791	8631
5971	12793	8629
5972	12795	8626
5973	12797	8624
5974	12800	8622
5975	12802	8620
5976	12803	8617
5977	12805	8615
5978	12807	8613
5979	12810	8611
5980	12812	8609
5981	12814	8607
5982	12817	8605
5983	12819	8603
5984	12821	8601
5985	12823	8598
5986	12825	8596
5987	12827	8594
5988	12829	8592
5989	12831	8590
5990	12833	8588
5991	12835	8585
5992	12838	8583
5993	12840	8581
5994	12842	8579
5995	12845	8577
5996	12847	8575
5997	12849	8573
5998	12851	8570
5999	12852	8568
6000	12855	8566
6001	12857	8564
6002	12859	8562
6003	12861	8560
6004	12863	8557
6005	12865	8555
6006	12867	8553
6007	12869	8551
6008	12871	8549
6009	12873	8546
6010	12876	8545
6011	12878	8542
6012	12881	8541
6013	12883	8539
6014	12885	8537
6015	12888	8534
6016	12890	8532
6017	12893	8531
6018	12895	8529
6019	12897	8527
6020	12900	8525
6021	12903	8523
6022	12905	8521
6023	12907	8519
6024	12910	8517
6025	12912	8515
6026	12914	8513
6027	12916	8511
6028	12919	8509
6029	12921	8507
6030	12923	8505
6031	12925	8502
6032	12927	8500
6033	12929	8498
6034	12931	8496
6035	12934	8494
6036	12936	8492
6037	12938	8489
6038	12940	8487
6039	12942	8485
6040	12944	8483
6041	12946	8481
6042	12949	8479
6043	12951	8476
6044	12953	8474
6045	12955	8472
6046	12957	8470
6047	12959	8467
6048	12961	8465
6049	12963	8463
6050	12965	8461
6051	12967	8459
6052	12969	8457
6053	12971	8454
6054	12973	8452
6055	12975	8450
6056	12977	8448
6057	12979	8446
6058	12981	8443
6059	12983	8441
6060	12985	8439
6061	12987	8437
6062	12989	8434
6063	12991	8432
6064	12994	8430
6065	12996	8428
6066	12998	8426
6067	13000	8424
6068	13002	8422
6069	13004	8419
6070	13007	8417
6071	13009	8415
6072	13011	8413
6073	13013	8411
6074	13015	8409
6075	13017	8406
6076	13019	8404
6077	13021	8402
6078	13024	8400
6079	13026	8398
6080	13029	8396
6081	13031	8394
6082	13033	8392
6083	13035	8390
6084	13037	8387
6085	13039	8385
6086	13041	8383
6087	13043	8381
6088	13045	8379
6089	13047	8376
6090	13049	8374
6091	13051	8372
6092	13053	8370
6093	13055	8368
6094	13057	8365
6095	13059	8363
6096	13061	8361
6097	13064	8359
6098	13066	8357
6099	13068	8355
6100	13070	8353
6101	13072	8350
6102	13074	8348
6103	13076	8346
6104	13079	8344
6105	13081	8342
6106	13084	8340
6107	13086	8338
6108	13089	8336
6109	13091	8334
6110	13093	8332
6111	13095	8330
6112	13097	8328
6113	13099	8326
6114	13101	8323
6115	13104	8321
6116	13106	8319
6117	13108	8317
6118	13110	8315
6119	13112	8313
6120	13114	8310
6121	13116	8308
6122	13119	8306
6123	13121	8304
6124	13123	8302
6125	13125	8300
6126	13127	8297
6127	13129	8295
6128	13131	8293
6129	13133	8291
6130	13135	8289
6131	13137	8287
6132	13139	8284
6133	13141	8282
6134	13143	8280
6135	13146	8278
6136	13148	8276
6137	13150	8274
6138	13152	8272
6139	13155	8270
6140	13157	8267
6141	13159	8265
6142	13162	8264
6143	13164	8262
6144	13167	8260
6145	13170	8258
6146	13172	8256
6147	13174	8254
6148	13176	8252
6149	13179	8250
6150	13181	8248
6151	13183	8246
6152	13186	8244
6153	13188	8242
6154	13191	8240
6155	13194	8238
6156	13197	8237
6157	13200	8235
6158	13203	8234
6159	13205	8232
6160	13208	8230
6161	13211	8229
6162	13214	8227
6163	13216	8225
6164	13219	8223
6165	13221	8221
6166	13224	8219
6167	13226	8217
6168	13228	8215
6169	13230	8213
6170	13233	8210
6171	13235	8208
6172	13238	8207
6173	13240	8205
6174	13244	8203
6175	13247	8202
6176	13249	8200
6177	13252	8198
6178	13254	8196
6179	13256	8194
6180	13259	8192
6181	13261	8190
6182	13263	8187
6183	13265	8185
6184	13269	8184
6185	13272	8183
6186	13275	8181
6187	13278	8179
6188	13281	8178
6189	13284	8176
6190	13286	8174
6191	13289	8173
6192	13292	8171
6193	13295	8169
6194	13298	8168
6195	13301	8166
6196	13303	8164
6197	13306	8162
6198	13308	8160
6199	13311	8158
6200	13314	8156
6201	13316	8154
6202	13319	8153
6203	13321	8151
6204	13324	8149
6205	13326	8147
6206	13329	8145
6207	13331	8143
6208	13333	8141
6209	13336	8139
6210	13338	8137
6211	13340	8135
6212	13343	8133
6213	13345	8131
6214	13348	8129
6215	13350	8127
6216	13352	8124
6217	13354	8122
6218	13356	8120
6219	13358	8118
6220	13360	8116
6221	13363	8114
6222	13365	8111
6223	13367	8109
6224	13369	8107
6225	13371	8105
6226	13373	8103
6227	13375	8100
6228	13377	8098
6229	13380	8096
6230	13382	8094
6231	13384	8092
6232	13386	8090
6233	13388	8088
6234	13390	8085
6235	13392	8083
6236	13394	8081
6237	13396	8079
6238	13398	8077
6239	13400	8074
6240	13402	8072
6241	13404	8070
6242	13407	8068
6243	13409	8066
6244	13411	8064
6245	13413	8061
6246	13415	8059
6247	13417	8057
6248	13419	8055
6249	13422	8053
6250	13424	8051
6251	13426	8048
6252	13428	8046
6253	13430	8044
6254	13431	8042
6255	13434	8039
6256	13436	8037
6257	13438	8035
6258	13440	8033
6259	13442	8031
6260	13444	8029
6261	13446	8026
6262	13448	8024
6263	13450	8022
6264	13452	8020
6265	13455	8018
6266	13457	8015
6267	13459	8014
6268	13462	8012
6269	13464	8010
6270	13467	8008
6271	13469	8006
6272	13472	8004
6273	13474	8002
6274	13476	7999
6275	13478	7997
6276	13480	7995
6277	13482	7993
6278	13484	7991
6279	13487	7989
6280	13489	7986
6281	13491	7984
6282	13493	7982
6283	13494	7980
6284	13497	7978
6285	13499	7976
6286	13501	7973
6287	13503	7971
6288	13505	7969
6289	13507	7967
6290	13510	7965
6291	13512	7962
6292	13514	7960
6293	13516	7958
6294	13518	7956
6295	13520	7954
6296	13522	7952
6297	13524	7949
6298	13526	7947
6299	13528	7945
6300	13530	7943
6301	13533	7941
6302	13535	7939
6303	13537	7936
6304	13539	7934
6305	13541	7932
6306	13543	7930
6307	13545	7928
6308	13547	7925
6309	13549	7923
6310	13551	7921
6311	13553	7919
6312	13555	7917
6313	13558	7914
6314	13560	7912
6315	13562	7910
6316	13564	7908
6317	13567	7906
6318	13569	7904
6319	13571	7902
6320	13573	7899
6321	13575	7897
6322	13577	7895
6323	13579	7893
6324	13581	7891
6325	13583	7889
6326	13585	7886
6327	13587	7884
6328	13589	7882
6329	13592	7880
6330	13594	7878
6331	13596	7876
6332	13598	7873
6333	13600	7871
6334	13602	7869
6335	13604	7867
6336	13607	7865
6337	13609	7863
6338	13611	7861
6339	13613	7858
6340	13615	7856
6341	13617	7854
6342	13619	7852
6343	13621	7850
6344	13624	7848
6345	13626	7845
6346	13628	7843
6347	13630	7841
6348	13632	7839
6349	13634	7837
6350	13636	7835
6351	13639	7833
6352	13641	7830
6353	13643	7828
6354	13645	7826
6355	13648	7824
6356	13650	7822
6357	13652	7820
6358	13655	7818
6359	13657	7816
6360	13660	7814
6361	13662	7812
6362	13664	7810
6363	13666	7808
6364	13669	7806
6365	13671	7804
6366	13673	7802
6367	13675	7800
6368	13677	7797
6369	13679	7795
6370	13682	7793
6371	13684	7791
6372	13686	7789
6373	13688	7787
6374	13690	7784
6375	13692	7782
6376	13695	7780
6377	13697	7778
6378	13699	7776
6379	13701	7774
6380	13703	7771
6381	13705	7769
6382	13707	7767
6383	13709	7765
6384	13711	7762
6385	13713	7760
6386	13715	7758
6387	13717	7756
6388	13720	7754
6389	13722	7752
6390	13724	7750
6391	13726	7747
6392	13728	7745
6393	13730	7743
6394	13733	7741
6395	13735	7739
6396	13737	7737
6397	13739	7735
6398	13741	7732
6399	13743	7730
6400	13745	7728
6401	13747	7726
6402	13750	7724
6403	13752	7722
6404	13754	7719
6405	13756	7717
6406	13758	7715
6407	13760	7713
6408	13762	7711
6409	13765	7709
6410	13767	7707
6411	13769	7705
6412	13771	7703
6413	13773	7700
6414	13776	7698
6415	13778	7696
6416	13780	7694
6417	13782	7692
6418	13784	7690
6419	13786	7687
6420	13788	7685
6421	13791	7683
6422	13793	7681
6423	13795	7679
6424	13798	7677
6425	13799	7675
6426	13801	7673
6427	13803	7670
6428	13805	7668
6429	13808	7666
6430	13810	7664
6431	13812	7661
6432	13814	7659
6433	13815	7657
6434	13818	7655
6435	13820	7653
6436	13822	7651
6437	13824	7648
6438	13826	7646
6439	13828	7644
6440	13830	7642
6441	13832	7639
6442	13834	7637
6443	13837	7636
6444	13844	7636
6445	13852	7637
6446	13857	7636
6447	13859	7634
6448	13862	7632
6449	13864	7630
6450	13866	7628
6451	13868	7626
6452	13870	7623
6453	13872	7621
6454	13874	7619
6455	13876	7617
6456	13878	7615
6457	13880	7613
6458	13882	7610
6459	13884	7608
6460	13887	7606
6461	13889	7604
6462	13891	7602
6463	13893	7599
6464	13895	7597
6465	13897	7595
6466	13899	7593
6467	13901	7591
6468	13903	7589
6469	13905	7586
6470	13907	7584
6471	13909	7582
6472	13911	7580
6473	13913	7578
6474	13916	7576
6475	13918	7573
6476	13920	7571
6477	13922	7569
6478	13924	7567
6479	13926	7564
6480	13928	7562
6481	13930	7560
6482	13932	7558
6483	13934	7556
6484	13936	7553
6485	13938	7551
6486	13940	7549
6487	13943	7547
6488	13945	7545
6489	13947	7543
6490	13950	7541
6491	13952	7539
6492	13954	7537
6493	13956	7534
6494	13958	7532
6495	13960	7530
6496	13962	7528
6497	13964	7525
6498	13966	7523
6499	13968	7521
6500	13970	7519
6501	13973	7517
6502	13975	7515
6503	13977	7513
6504	13980	7511
6505	13982	7509
6506	13984	7506
6507	13986	7504
6508	13987	7502
6509	13990	7500
6510	13992	7498
6511	13994	7496
6512	13996	7493
6513	13998	7491
6514	14000	7489
6515	14002	7486
6516	14004	7484
6517	14006	7482
6518	14008	7480
6519	14010	7478
6520	14013	7476
6521	14015	7473
6522	14017	7471
6523	14019	7469
6524	14021	7467
6525	14023	7465
6526	14025	7463
6527	14028	7461
6528	14030	7459
6529	14033	7457
6530	14035	7455
6531	14038	7453
6532	14040	7451
6533	14043	7449
6534	14045	7447
6535	14047	7445
6536	14049	7442
6537	14051	7440
6538	14053	7438
6539	14056	7436
6540	14058	7434
6541	14060	7432
6542	14062	7429
6543	14064	7427
6544	14066	7425
6545	14069	7423
6546	14071	7421
6547	14073	7419
6548	14075	7417
6549	14077	7414
6550	14079	7412
6551	14081	7410
6552	14084	7408
6553	14086	7406
6554	14088	7404
6555	14090	7402
6556	14092	7399
6557	14094	7397
6558	14096	7395
6559	14099	7393
6560	14101	7391
6561	14104	7389
6562	14106	7387
6563	14108	7385
6564	14110	7382
6565	14112	7380
6566	14114	7378
6567	14117	7376
6568	14119	7374
6569	14121	7372
6570	14123	7370
6571	14125	7367
6572	14127	7365
6573	14130	7363
6574	14132	7361
6575	14134	7359
6576	14137	7357
6577	14139	7355
6578	14141	7353
6579	14143	7351
6580	14145	7349
6581	14148	7346
6582	14150	7344
6583	14152	7342
6584	14154	7340
6585	14156	7338
6586	14158	7336
6587	14161	7334
6588	14163	7332
6589	14165	7329
6590	14167	7327
6591	14169	7325
6592	14171	7323
6593	14173	7320
6594	14175	7318
6595	14177	7316
6596	14179	7314
6597	14181	7312
6598	14183	7310
6599	14185	7307
6600	14188	7305
6601	14190	7303
6602	14192	7301
6603	14194	7299
6604	14196	7297
6605	14198	7294
6606	14200	7292
6607	14203	7290
6608	14205	7288
6609	14207	7286
6610	14209	7284
6611	14211	7282
6612	14213	7279
6613	14215	7277
6614	14217	7275
6615	14220	7273
6616	14223	7272
6617	14226	7270
6618	14228	7268
6619	14230	7265
6620	14232	7263
6621	14235	7261
6622	14237	7259
6623	14239	7257
6624	14241	7255
6625	14244	7253
6626	14246	7251
6627	14248	7248
6628	14250	7246
6629	14252	7244
6630	14254	7242
6631	14257	7240
6632	14258	7238
6633	14261	7235
6634	14262	7233
6635	14265	7231
6636	14267	7229
6637	14269	7227
6638	14272	7225
6639	14274	7223
6640	14276	7220
6641	14278	7218
6642	14280	7216
6643	14282	7214
6644	14284	7212
6645	14286	7210
6646	14288	7207
6647	14290	7205
6648	14292	7203
6649	14294	7201
6650	14296	7198
6651	14299	7196
6652	14301	7194
6653	14303	7192
6654	14305	7190
6655	14307	7187
6656	14309	7185
6657	14311	7183
6658	14313	7181
6659	14315	7179
6660	14318	7177
6661	14320	7175
6662	14322	7172
6663	14324	7170
6664	14326	7168
6665	14328	7166
6666	14330	7164
6667	14333	7162
6668	14336	7160
6669	14338	7158
6670	14340	7156
6671	14343	7154
6672	14345	7152
6673	14347	7150
6674	14349	7147
6675	14351	7145
6676	14353	7143
6677	14355	7141
6678	14357	7139
6679	14360	7137
6680	14362	7135
6681	14364	7132
6682	14366	7130
6683	14368	7128
6684	14370	7126
6685	14372	7123
6686	14374	7121
6687	14377	7119
6688	14379	7117
6689	14381	7115
6690	14383	7113
6691	14385	7111
6692	14387	7108
6693	14389	7106
6694	14392	7104
6695	14395	7103
6696	14397	7100
6697	14399	7098
6698	14401	7096
6699	14402	7093
6700	14405	7091
6701	14407	7090
6702	14410	7088
6703	14413	7086
6704	14415	7084
6705	14418	7082
6706	14420	7080
6707	14422	7078
6708	14425	7076
6709	14427	7074
6710	14429	7071
6711	14431	7069
6712	14433	7067
6713	14436	7065
6714	14438	7063
6715	14440	7061
6716	14442	7058
6717	14444	7056
6718	14446	7054
6719	14448	7052
6720	14451	7050
6721	14453	7048
6722	14456	7046
6723	14458	7044
6724	14460	7042
6725	14462	7039
6726	14464	7037
6727	14467	7035
6728	14469	7033
6729	14471	7031
6730	14473	7029
6731	14476	7027
6732	14478	7025
6733	14480	7022
6734	14482	7020
6735	14484	7018
6736	14486	7016
6737	14488	7014
6738	14490	7011
6739	14492	7009
6740	14494	7007
6741	14496	7005
6742	14499	7003
6743	14501	7001
6744	14503	6999
6745	14505	6996
6746	14507	6994
6747	14509	6992
6748	14511	6990
6749	14514	6988
6750	14516	6986
6751	14518	6984
6752	14520	6982
6753	14523	6979
6754	14525	6977
6755	14527	6975
6756	14529	6973
6757	14531	6971
6758	14533	6969
6759	14535	6966
6760	14537	6964
6761	14540	6962
6762	14542	6960
6763	14545	6958
6764	14547	6956
6765	14549	6954
6766	14551	6952
6767	14553	6949
6768	14555	6947
6769	14557	6945
6770	14560	6943
6771	14562	6941
6772	14564	6939
6773	14566	6937
6774	14568	6934
6775	14570	6932
6776	14573	6930
6777	14575	6928
6778	14577	6926
6779	14579	6924
6780	14581	6922
6781	14584	6920
6782	14586	6917
6783	14588	6915
6784	14590	6913
6785	14592	6911
6786	14594	6909
6787	14596	6907
6788	14599	6905
6789	14601	6903
6790	14604	6901
6791	14607	6899
6792	14609	6897
6793	14612	6895
6794	14614	6893
6795	14616	6891
6796	14618	6888
6797	14620	6886
6798	14623	6884
6799	14625	6882
6800	14627	6880
6801	14629	6878
6802	14631	6875
6803	14633	6873
6804	14635	6871
6805	14638	6869
6806	14640	6867
6807	14643	6865
6808	14645	6863
6809	14647	6861
6810	14649	6858
6811	14651	6856
6812	14653	6854
6813	14655	6852
6814	14657	6850
6815	14659	6848
6816	14661	6845
6817	14664	6843
6818	14666	6841
6819	14668	6839
6820	14670	6837
6821	14672	6835
6822	14674	6833
6823	14676	6830
6824	14678	6828
6825	14681	6826
6826	14683	6824
6827	14685	6822
6828	14687	6820
6829	14689	6817
6830	14691	6815
6831	14693	6813
6832	14695	6811
6833	14698	6809
6834	14700	6807
6835	14703	6805
6836	14705	6803
6837	14707	6801
6838	14710	6799
6839	14712	6797
6840	14714	6794
6841	14717	6792
6842	14719	6790
6843	14721	6788
6844	14724	6786
6845	14726	6784
6846	14728	6782
6847	14730	6780
6848	14733	6778
6849	14735	6775
6850	14737	6773
6851	14739	6771
6852	14741	6769
6853	14744	6767
6854	14746	6765
6855	14748	6763
6856	14750	6761
6857	14752	6759
6858	14755	6756
6859	14757	6754
6860	14759	6752
6861	14761	6750
6862	14763	6748
6863	14765	6746
6864	14767	6743
6865	14769	6741
6866	14771	6739
6867	14774	6737
6868	14777	6735
6869	14779	6733
6870	14781	6731
6871	14783	6729
6872	14785	6726
6873	14787	6724
6874	14790	6723
6875	14792	6720
6876	14795	6718
6877	14807	6721
6878	14810	6719
6879	14813	6717
6880	14816	6715
6881	14818	6713
6882	14820	6711
6883	14823	6709
6884	14825	6707
6885	14827	6705
6886	14829	6703
6887	14831	6700
6888	14833	6698
6889	14836	6696
6890	14838	6694
6891	14840	6692
6892	14843	6690
6893	14845	6688
6894	14847	6686
6895	14849	6683
6896	14851	6681
6897	14854	6679
6898	14856	6677
6899	14858	6675
6900	14860	6673
6901	14862	6670
6902	14864	6668
6903	14867	6666
6904	14869	6664
6905	14871	6662
6906	14873	6660
6907	14875	6658
6908	14877	6656
6909	14879	6653
6910	14881	6651
6911	14884	6649
6912	14886	6647
6913	14888	6645
6914	14890	6643
6915	14892	6640
6916	14894	6638
6917	14896	6636
6918	14898	6634
6919	14900	6632
6920	14903	6630
6921	14905	6627
6922	14907	6625
6923	14909	6623
6924	14911	6621
6925	14913	6619
6926	14915	6617
6927	14918	6614
6928	14920	6612
6929	14922	6610
6930	14924	6608
6931	14926	6606
6932	14928	6604
6933	14931	6602
6934	14933	6599
6935	14935	6597
6936	14937	6595
6937	14939	6593
6938	14941	6591
6939	14943	6588
6940	14945	6586
6941	14947	6584
6942	14950	6582
6943	14952	6580
6944	14954	6578
6945	14955	6575
6946	14958	6573
6947	14960	6571
6948	14962	6569
6949	14965	6567
6950	14967	6565
6951	14969	6562
6952	14970	6560
6953	14972	6558
6954	14974	6556
6955	14976	6553
6956	14978	6551
6957	14981	6549
6958	14983	6547
6959	14985	6545
6960	14988	6543
6961	14990	6541
6962	14993	6539
6963	14995	6537
6964	14997	6535
6965	14999	6532
6966	15001	6530
6967	15003	6528
6968	15005	6526
6969	15007	6524
6970	15009	6521
6971	15011	6519
6972	15013	6517
6973	15015	6515
6974	15017	6512
6975	15019	6510
6976	15022	6508
6977	15024	6506
6978	15026	6504
6979	15028	6502
6980	15030	6499
6981	15032	6497
6982	15034	6495
6983	15036	6493
6984	15038	6491
6985	15040	6489
6986	15042	6486
6987	15044	6484
6988	15046	6482
6989	15048	6480
6990	15050	6477
6991	15053	6475
6992	15055	6473
6993	15057	6471
6994	15058	6469
6995	15060	6466
6996	15062	6464
6997	15064	6462
6998	15067	6460
6999	15070	6458
7000	15072	6456
7001	15074	6454
7002	15076	6452
7003	15078	6449
7004	15080	6447
7005	15082	6445
7006	15084	6443
7007	15087	6441
7008	15089	6439
7009	15091	6436
7010	15093	6434
7011	15094	6432
7012	15097	6430
7013	15099	6428
7014	15101	6425
7015	15103	6423
7016	15105	6421
7017	15107	6419
7018	15109	6416
7019	15110	6414
7020	15113	6412
7021	15115	6410
7022	15117	6408
7023	15119	6405
7024	15121	6403
7025	15123	6401
7026	15125	6399
7027	15127	6397
7028	15129	6395
7029	15131	6392
7030	15134	6390
7031	15135	6388
7032	15137	6386
7033	15139	6383
7034	15141	6381
7035	15143	6379
7036	15146	6377
7037	15148	6375
7038	15150	6372
7039	15152	6370
7040	15154	6368
7041	15156	6366
7042	15158	6364
7043	15160	6361
7044	15162	6359
7045	15163	6357
7046	15165	6355
7047	15167	6352
7048	15170	6350
7049	15172	6348
7050	15174	6346
7051	15176	6344
7052	15179	6342
7053	15181	6340
7054	15183	6338
7055	15185	6335
7056	15187	6333
7057	15189	6331
7058	15191	6329
7059	15194	6327
7060	15196	6325
7061	15198	6323
7062	15200	6320
7063	15202	6318
7064	15204	6316
7065	15206	6314
7066	15208	6312
7067	15210	6309
7068	15212	6307
7069	15214	6305
7070	15216	6303
7071	15218	6300
7072	15220	6298
7073	15222	6296
7074	15224	6294
7075	15226	6292
7076	15228	6289
7077	15230	6287
7078	15232	6285
7079	15234	6283
7080	15237	6281
7081	15239	6278
7082	15240	6276
7083	15242	6274
7084	15244	6272
7085	15246	6269
7086	15248	6267
7087	15250	6265
7088	15252	6263
7089	15254	6260
7090	15256	6258
7091	15259	6256
7092	15261	6254
7093	15263	6252
7094	15265	6250
7095	15267	6248
7096	15269	6245
7097	15271	6243
7098	15273	6241
7099	15275	6239
7100	15277	6236
7101	15278	6234
7102	15281	6232
7103	15283	6230
7104	15285	6228
7105	15288	6226
7106	15290	6224
7107	15292	6221
7108	15293	6219
7109	15295	6217
7110	15298	6215
7111	15300	6212
7112	15302	6210
7113	15303	6208
7114	15305	6206
7115	15307	6203
7116	15309	6201
7117	15311	6199
7118	15314	6197
7119	15316	6195
7120	15318	6193
7121	15320	6190
7122	15321	6188
7123	15323	6186
7124	15325	6184
7125	15327	6181
7126	15330	6179
7127	15332	6177
7128	15334	6175
7129	15335	6173
7130	15337	6170
7131	15339	6168
7132	15341	6166
7133	15343	6164
7134	15345	6162
7135	15347	6159
7136	15349	6157
7137	15351	6155
7138	15353	6153
7139	15355	6150
7140	15359	6149
7141	15361	6147
7142	15363	6145
7143	15366	6142
7144	15368	6140
7145	15370	6138
7146	15372	6136
7147	15374	6134
7148	15377	6132
7149	15379	6130
7150	15382	6128
7151	15384	6126
7152	15386	6123
7153	15388	6121
7154	15390	6119
7155	15392	6117
7156	15394	6115
7157	15396	6113
7158	15398	6110
7159	15401	6108
7160	15403	6106
7161	15405	6104
7162	15407	6102
7163	15410	6100
7164	15411	6098
7165	15413	6095
7166	15416	6093
7167	15418	6091
7168	15420	6089
7169	15422	6087
7170	15424	6085
7171	15426	6083
7172	15429	6080
7173	15431	6078
7174	15433	6076
7175	15435	6074
7176	15437	6072
7177	15439	6069
7178	15441	6067
7179	15443	6065
7180	15446	6063
7181	15448	6061
7182	15451	6059
7183	15453	6057
7184	15455	6055
7185	15458	6053
7186	15460	6051
7187	15462	6048
7188	15464	6046
7189	15466	6044
7190	15468	6042
7191	15471	6040
7192	15473	6038
7193	15475	6036
7194	15477	6033
7195	15479	6031
7196	15481	6029
7197	15484	6027
7198	15486	6025
7199	15488	6023
7200	15490	6020
7201	15492	6018
7202	15494	6016
7203	15497	6014
7204	15499	6012
7205	15501	6010
7206	15503	6008
7207	15505	6006
7208	15507	6003
7209	15509	6001
7210	15512	5999
7211	15514	5997
7212	15516	5995
7213	15518	5993
7214	15520	5990
7215	15522	5988
7216	15524	5986
7217	15526	5984
7218	15528	5982
7219	15531	5980
7220	15533	5978
7221	15535	5975
7222	15537	5973
7223	15539	5971
7224	15541	5969
7225	15543	5967
7226	15546	5965
7227	15548	5963
7228	15551	5961
7229	15553	5959
7230	15555	5956
7231	15558	5954
7232	15561	5953
7233	15563	5951
7234	15566	5948
7235	15568	5946
7236	15570	5944
7237	15572	5942
7238	15574	5940
7239	15577	5938
7240	15579	5936
7241	15581	5933
7242	15582	5931
7243	15585	5929
7244	15586	5927
7245	15589	5925
7246	15591	5923
7247	15593	5920
7248	15595	5918
7249	15597	5916
7250	15599	5914
7251	15601	5912
7252	15604	5910
7253	15606	5907
7254	15608	5905
7255	15610	5903
7256	15612	5901
7257	15615	5899
7258	15617	5897
7259	15619	5895
7260	15621	5892
7261	15624	5890
7262	15625	5888
7263	15627	5886
7264	15629	5884
7265	15631	5881
7266	15633	5879
7267	15636	5877
7268	15638	5875
7269	15640	5873
7270	15642	5871
7271	15644	5868
7272	15646	5866
7273	15648	5864
7274	15650	5862
7275	15653	5860
7276	15655	5858
7277	15657	5855
7278	15659	5853
7279	15661	5851
7280	15663	5849
7281	15665	5847
7282	15667	5845
7283	15669	5842
7284	15671	5840
7285	15674	5838
7286	15676	5836
7287	15678	5834
7288	15680	5832
7289	15682	5830
7290	15685	5827
7291	15687	5825
7292	15689	5823
7293	15691	5821
7294	15693	5819
7295	15695	5816
7296	15697	5814
7297	15699	5812
7298	15701	5810
7299	15703	5808
7300	15705	5806
7301	15707	5803
7302	15709	5801
7303	15712	5799
7304	15714	5797
7305	15716	5795
7306	15718	5793
7307	15720	5791
7308	15723	5788
7309	15725	5786
7310	15727	5784
7311	15729	5782
7312	15732	5780
7313	15734	5778
7314	15736	5776
7315	15738	5774
7316	15741	5772
7317	15744	5770
7318	15755	5771
7319	15757	5769
7320	15762	5768
7321	15764	5765
7322	15766	5763
7323	15768	5761
7324	15771	5759
7325	15773	5757
7326	15775	5755
7327	15777	5753
7328	15779	5750
7329	15781	5748
7330	15783	5746
7331	15786	5744
7332	15788	5742
7333	15790	5740
7334	15793	5738
7335	15795	5736
7336	15797	5733
7337	15799	5731
7338	15801	5729
7339	15803	5727
7340	15806	5725
7341	15808	5723
7342	15810	5720
7343	15812	5718
7344	15814	5716
7345	15816	5714
7346	15819	5712
7347	15820	5709
7348	15822	5707
7349	15824	5705
7350	15826	5703
7351	15829	5701
7352	15831	5699
7353	15833	5697
7354	15835	5694
7355	15837	5692
7356	15839	5690
7357	15841	5688
7358	15843	5685
7359	15845	5683
7360	15848	5681
7361	15850	5679
7362	15852	5677
7363	15854	5675
7364	15856	5672
7365	15858	5670
7366	15861	5668
7367	15863	5666
7368	15865	5664
7369	15867	5662
7370	15869	5660
7371	15871	5657
7372	15873	5655
7373	15876	5653
7374	15878	5651
7375	15880	5649
7376	15882	5647
7377	15883	5644
7378	15885	5642
7379	15887	5640
7380	15889	5638
7381	15891	5636
7382	15894	5633
7383	15896	5631
7384	15898	5629
7385	15900	5627
7386	15902	5625
7387	15904	5622
7388	15906	5620
7389	15909	5618
7390	15911	5616
7391	15913	5614
7392	15915	5612
7393	15917	5609
7394	15919	5607
7395	15923	5606
7396	15925	5604
7397	15927	5602
7398	15930	5600
7399	15932	5597
7400	15935	5595
7401	15937	5593
7402	15939	5591
7403	15942	5589
7404	15944	5587
7405	15946	5585
7406	15947	5582
7407	15950	5580
7408	15952	5578
7409	15954	5576
7410	15956	5574
7411	15958	5572
7412	15960	5570
7413	15962	5567
7414	15965	5565
7415	15967	5563
7416	15969	5561
7417	15971	5559
7418	15973	5557
7419	15975	5554
7420	15977	5552
7421	15979	5550
7422	15981	5548
7423	15983	5546
7424	15985	5543
7425	15987	5541
7426	15989	5539
7427	15991	5537
7428	15994	5535
7429	15996	5533
7430	15998	5530
7431	16000	5528
7432	16002	5526
7433	16004	5524
7434	16006	5522
7435	16008	5519
7436	16010	5517
7437	16012	5515
7438	16014	5513
7439	16016	5511
7440	16018	5508
7441	16020	5506
7442	16022	5504
7443	16025	5502
7444	16027	5500
7445	16029	5498
7446	16031	5496
7447	16034	5493
7448	16036	5491
7449	16038	5489
7450	16040	5487
7451	16042	5485
7452	16044	5483
7453	16046	5480
7454	16048	5478
7455	16050	5476
7456	16052	5474
7457	16054	5472
7458	16056	5469
7459	16058	5467
7460	16061	5465
7461	16063	5463
7462	16065	5461
7463	16067	5459
7464	16069	5456
7465	16071	5454
7466	16073	5452
7467	16075	5450
7468	16077	5448
7469	16079	5445
7470	16081	5443
7471	16083	5441
7472	16085	5439
7473	16087	5437
7474	16089	5434
7475	16091	5432
7476	16093	5430
7477	16096	5428
7478	16098	5426
7479	16100	5424
7480	16102	5421
7481	16104	5419
7482	16106	5417
7483	16108	5415
7484	16110	5413
7485	16113	5411
7486	16115	5409
7487	16117	5406
7488	16120	5404
7489	16122	5402
7490	16125	5400
7491	16127	5398
7492	16129	5396
7493	16131	5394
7494	16133	5392
7495	16135	5389
7496	16137	5387
7497	16139	5385
7498	16141	5383
7499	16143	5381
7500	16145	5378
7501	16147	5376
7502	16149	5374
7503	16152	5372
7504	16154	5370
7505	16156	5368
7506	16158	5365
7507	16160	5363
7508	16161	5361
7509	16163	5359
7510	16165	5357
7511	16168	5355
7512	16171	5353
7513	16173	5350
7514	16175	5348
7515	16177	5346
7516	16179	5344
7517	16182	5342
7518	16184	5340
7519	16186	5338
7520	16188	5335
7521	16190	5333
7522	16192	5331
7523	16194	5329
7524	16196	5327
7525	16198	5325
7526	16200	5322
7527	16202	5320
7528	16204	5318
7529	16206	5316
7530	16208	5313
7531	16210	5311
7532	16213	5309
7533	16215	5307
7534	16217	5305
7535	16219	5303
7536	16220	5300
7537	16222	5298
7538	16224	5296
7539	16227	5294
7540	16229	5292
7541	16231	5290
7542	16233	5287
7543	16235	5285
7544	16237	5283
7545	16239	5281
7546	16241	5279
7547	16244	5276
7548	16246	5274
7549	16248	5272
7550	16250	5270
7551	16252	5268
7552	16254	5266
7553	16256	5263
7554	16258	5261
7555	16260	5259
7556	16262	5257
7557	16264	5255
7558	16266	5252
7559	16268	5250
7560	16270	5248
7561	16272	5246
7562	16274	5244
7563	16276	5242
7564	16278	5239
7565	16280	5237
7566	16282	5235
7567	16284	5233
7568	16286	5231
7569	16288	5228
7570	16291	5226
7571	16293	5224
7572	16295	5222
7573	16297	5220
7574	16299	5217
7575	16302	5216
7576	16305	5214
7577	16307	5212
7578	16309	5209
7579	16312	5207
7580	16314	5205
7581	16316	5203
7582	16318	5201
7583	16320	5199
7584	16323	5197
7585	16325	5195
7586	16327	5192
7587	16329	5190
7588	16331	5188
7589	16333	5186
7590	16335	5184
7591	16337	5181
7592	16339	5179
7593	16341	5177
7594	16343	5175
7595	16345	5173
7596	16347	5170
7597	16350	5168
7598	16352	5166
7599	16354	5164
7600	16356	5162
7601	16358	5160
7602	16359	5157
7603	16361	5155
7604	16364	5153
7605	16366	5151
7606	16368	5149
7607	16370	5147
7608	16372	5144
7609	16374	5142
7610	16376	5140
7611	16379	5138
7612	16381	5136
7613	16383	5134
7614	16385	5132
7615	16387	5129
7616	16389	5127
7617	16391	5125
7618	16394	5123
7619	16396	5121
7620	16398	5119
7621	16401	5117
7622	16403	5114
7623	16404	5112
7624	16406	5110
7625	16408	5108
7626	16410	5105
7627	16413	5103
7628	16415	5101
7629	16417	5099
7630	16419	5097
7631	16421	5095
7632	16423	5093
7633	16426	5090
7634	16428	5088
7635	16430	5086
7636	16432	5084
7637	16434	5082
7638	16436	5079
7639	16438	5077
7640	16440	5075
7641	16442	5073
7642	16444	5071
7643	16447	5069
7644	16448	5067
7645	16450	5064
7646	16452	5062
7647	16455	5060
7648	16457	5058
7649	16459	5056
7650	16461	5054
7651	16463	5051
7652	16465	5049
7653	16467	5047
7654	16469	5045
7655	16472	5043
7656	16475	5041
7657	16477	5039
7658	16479	5036
7659	16481	5034
7660	16482	5032
7661	16484	5030
7662	16486	5028
7663	16489	5025
7664	16491	5023
7665	16494	5021
7666	16496	5019
7667	16498	5017
7668	16510	5018
7669	16515	5017
7670	16517	5014
7671	16519	5012
7672	16522	5010
7673	16524	5008
7674	16526	5006
7675	16528	5004
7676	16530	5001
7677	16532	4999
7678	16535	4997
7679	16538	4995
7680	16540	4993
7681	16542	4991
7682	16544	4989
7683	16546	4987
7684	16548	4984
7685	16550	4982
7686	16552	4980
7687	16554	4978
7688	16556	4976
7689	16558	4973
7690	16560	4971
7691	16562	4969
7692	16564	4967
7693	16566	4965
7694	16568	4963
7695	16570	4960
7696	16572	4958
7697	16574	4956
7698	16576	4954
7699	16579	4952
7700	16581	4950
7701	16583	4947
7702	16585	4945
7703	16587	4943
7704	16589	4941
7705	16591	4939
7706	16593	4936
7707	16595	4934
7708	16597	4932
7709	16599	4930
7710	16602	4928
7711	16604	4926
7712	16606	4923
7713	16608	4921
7714	16610	4919
7715	16612	4917
7716	16614	4915
7717	16616	4913
7718	16618	4910
7719	16620	4908
7720	16622	4906
7721	16624	4904
7722	16627	4902
7723	16629	4900
7724	16631	4897
7725	16633	4895
7726	16635	4893
7727	16637	4891
7728	16639	4889
7729	16641	4887
7730	16643	4884
7731	16645	4882
7732	16647	4880
7733	16649	4878
7734	16651	4876
7735	16653	4873
7736	16655	4871
7737	16658	4869
7738	16660	4867
7739	16662	4865
7740	16664	4863
7741	16666	4860
7742	16668	4858
7743	16670	4856
7744	16672	4854
7745	16674	4852
7746	16677	4850
7747	16679	4847
7748	16682	4845
7749	16684	4843
7750	16687	4841
7751	16689	4839
7752	16692	4837
7753	16694	4835
7754	16697	4833
7755	16699	4831
7756	16701	4829
7757	16705	4827
7758	16708	4825
7759	16710	4823
7760	16712	4821
7761	16715	4819
7762	16717	4817
7763	16720	4815
7764	16722	4813
7765	16724	4811
7766	16726	4808
7767	16729	4806
7768	16731	4804
7769	16733	4802
7770	16735	4800
7771	16737	4798
7772	16739	4796
7773	16741	4793
7774	16743	4791
7775	16746	4789
7776	16748	4787
7777	16750	4785
7778	16752	4783
7779	16754	4780
7780	16756	4778
7781	16758	4776
7782	16760	4774
7783	16762	4772
7784	16764	4769
7785	16767	4767
7786	16769	4765
7787	16771	4763
7788	16772	4761
7789	16774	4758
7790	16776	4756
7791	16779	4754
7792	16782	4752
7793	16784	4750
7794	16786	4748
7795	16787	4746
7796	16789	4743
7797	16791	4741
7798	16794	4739
7799	16796	4737
7800	16798	4735
7801	16801	4733
7802	16803	4731
7803	16805	4729
7804	16807	4726
7805	16810	4724
7806	16812	4722
7807	16815	4720
7808	16817	4718
7809	16819	4716
7810	16821	4714
7811	16823	4711
7812	16825	4709
7813	16827	4707
7814	16829	4705
7815	16831	4703
7816	16833	4701
7817	16835	4698
7818	16837	4696
7819	16840	4694
7820	16842	4692
7821	16844	4690
7822	16846	4688
7823	16848	4685
7824	16850	4683
7825	16852	4681
7826	16855	4679
7827	16857	4677
7828	16859	4675
7829	16861	4673
7830	16863	4670
7831	16865	4668
7832	16867	4666
7833	16870	4664
7834	16873	4662
7835	16875	4660
7836	16877	4658
7837	16879	4656
7838	16882	4653
7839	16884	4651
7840	16886	4649
7841	16888	4647
7842	16891	4645
7843	16893	4643
7844	16895	4641
7845	16897	4639
7846	16900	4636
7847	16903	4634
7848	16905	4632
7849	16907	4630
7850	16909	4628
7851	16911	4626
7852	16913	4624
7853	16915	4622
7854	16918	4619
7855	16920	4617
7856	16922	4615
7857	16924	4613
7858	16926	4611
7859	16928	4609
7860	16930	4606
7861	16933	4604
7862	16935	4602
7863	16936	4600
7864	16938	4598
7865	16940	4595
7866	16942	4593
7867	16944	4591
7868	16947	4589
7869	16949	4587
7870	16951	4585
7871	16953	4583
7872	16955	4580
7873	16957	4578
7874	16959	4576
7875	16961	4574
7876	16963	4572
7877	16965	4569
7878	16968	4567
7879	16969	4565
7880	16971	4563
7881	16974	4561
7882	16975	4558
7883	16978	4556
7884	16980	4554
7885	16983	4552
7886	16985	4550
7887	16987	4548
7888	16989	4546
7889	16991	4543
7890	16993	4541
7891	16995	4539
7892	16997	4537
7893	16999	4535
7894	17001	4533
7895	17003	4530
7896	17005	4528
7897	17007	4526
7898	17010	4524
7899	17012	4522
7900	17014	4520
7901	17016	4517
7902	17018	4515
7903	17020	4513
7904	17022	4511
7905	17024	4509
7906	17027	4507
7907	17029	4505
7908	17031	4502
7909	17033	4500
7910	17036	4498
7911	17038	4496
7912	17041	4494
7913	17043	4492
7914	17044	4490
7915	17047	4487
7916	17050	4485
7917	17052	4483
7918	17054	4481
7919	17056	4479
7920	17059	4477
7921	17061	4475
7922	17064	4473
7923	17066	4471
7924	17068	4469
7925	17070	4466
7926	17072	4464
7927	17074	4462
7928	17076	4460
7929	17078	4458
7930	17081	4456
7931	17083	4453
7932	17085	4451
7933	17087	4449
7934	17089	4447
7935	17091	4445
7936	17093	4443
7937	17095	4440
7938	17097	4438
7939	17099	4436
7940	17101	4434
7941	17103	4432
7942	17105	4429
7943	17108	4427
7944	17110	4425
7945	17112	4423
7946	17114	4421
7947	17116	4419
7948	17118	4416
7949	17120	4414
7950	17123	4412
7951	17125	4410
7952	17128	4408
7953	17129	4406
7954	17131	4404
7955	17133	4401
7956	17135	4399
7957	17138	4397
7958	17140	4395
7959	17142	4393
7960	17144	4391
7961	17146	4388
7962	17148	4386
7963	17150	4384
7964	17152	4382
7965	17155	4380
7966	17157	4378
7967	17159	4376
7968	17162	4373
7969	17164	4371
7970	17166	4369
7971	17168	4367
7972	17170	4365
7973	17172	4363
7974	17174	4360
7975	17176	4358
7976	17178	4356
7977	17180	4354
7978	17182	4352
7979	17185	4350
7980	17187	4348
7981	17189	4345
7982	17192	4343
7983	17194	4341
7984	17196	4339
7985	17197	4337
7986	17200	4335
7987	17202	4332
7988	17204	4330
7989	17206	4328
7990	17208	4326
7991	17210	4324
7992	17212	4321
7993	17214	4319
7994	17216	4317
7995	17218	4315
7996	17220	4313
7997	17222	4311
7998	17224	4308
7999	17226	4306
8000	17228	4304
8001	17231	4302
8002	17233	4300
8003	17235	4298
8004	17238	4296
8005	17239	4293
8006	17242	4291
8007	17243	4289
8008	17246	4287
8009	17248	4285
8010	17250	4282
8011	17253	4281
8012	17256	4279
8013	17259	4277
8014	17262	4275
8015	17264	4273
8016	17266	4270
8017	17268	4268
8018	17271	4266
8019	17273	4264
8020	17275	4262
8021	17278	4260
8022	17280	4258
8023	17282	4255
8024	17284	4253
8025	17286	4251
8026	17288	4249
8027	17291	4247
8028	17293	4245
8029	17295	4243
8030	17297	4240
8031	17299	4238
8032	17301	4236
8033	17303	4234
8034	17305	4232
8035	17308	4230
8036	17311	4228
8037	17313	4225
8038	17314	4223
8039	17316	4221
8040	17318	4219
8041	17320	4217
8042	17323	4215
8043	17325	4212
8044	17327	4210
8045	17328	4208
8046	17330	4206
8047	17332	4203
8048	17334	4201
8049	17336	4199
8050	17339	4197
8051	17341	4195
8052	17343	4193
8053	17345	4190
8054	17346	4188
8055	17348	4186
8056	17350	4184
8057	17352	4182
8058	17355	4179
8059	17357	4177
8060	17359	4175
8061	17362	4173
8062	17363	4171
8063	17366	4169
8064	17368	4167
8065	17370	4164
8066	17372	4162
8067	17374	4160
8068	17376	4158
8069	17378	4156
8070	17379	4153
8071	17382	4151
8072	17384	4149
8073	17386	4147
8074	17388	4145
8075	17390	4143
8076	17392	4140
8077	17395	4138
8078	17396	4136
8079	17399	4134
8080	17401	4132
8081	17403	4130
8082	17405	4127
8083	17407	4125
8084	17409	4123
8085	17411	4121
8086	17413	4119
8087	17415	4117
8088	17417	4114
8089	17419	4112
8090	17422	4110
8091	17424	4108
8092	17426	4106
8093	17428	4104
8094	17430	4101
8095	17432	4099
8096	17434	4097
8097	17436	4095
8098	17439	4093
8099	17441	4091
8100	17444	4089
8101	17456	4089
8102	17459	4087
8103	17464	4085
8104	17466	4083
8105	17469	4081
8106	17471	4079
8107	17473	4077
8108	17475	4075
8109	17477	4073
8110	17479	4070
8111	17481	4068
8112	17483	4066
8113	17485	4064
8114	17487	4062
8115	17489	4059
8116	17491	4057
8117	17494	4055
8118	17496	4053
8119	17498	4051
8120	17500	4049
8121	17502	4046
8122	17504	4044
8123	17506	4042
8124	17508	4040
8125	17510	4038
8126	17512	4036
8127	17514	4033
8128	17516	4031
8129	17518	4029
8130	17520	4027
8131	17522	4025
8132	17524	4023
8133	17526	4020
8134	17528	4018
8135	17530	4016
8136	17532	4014
8137	17534	4012
8138	17536	4009
8139	17538	4007
8140	17540	4005
8141	17543	4003
8142	17545	4001
8143	17547	3998
8144	17549	3996
8145	17551	3994
8146	17553	3992
8147	17555	3990
8148	17558	3988
8149	17560	3986
8150	17562	3983
8151	17564	3981
8152	17566	3979
8153	17568	3977
8154	17570	3975
8155	17572	3973
8156	17574	3970
8157	17576	3968
8158	17578	3966
8159	17580	3964
8160	17582	3962
8161	17585	3960
8162	17587	3957
8163	17589	3955
8164	17591	3953
8165	17593	3951
8166	17595	3949
8167	17597	3946
8168	17599	3944
8169	17602	3942
8170	17604	3940
8171	17606	3938
8172	17608	3936
8173	17610	3934
8174	17612	3931
8175	17615	3929
8176	17618	3927
8177	17620	3925
8178	17622	3923
8179	17625	3921
8180	17627	3919
8181	17629	3917
8182	17633	3915
8183	17636	3913
8184	17638	3911
8185	17641	3909
8186	17643	3907
8187	17646	3905
8188	17649	3903
8189	17651	3901
8190	17654	3899
8191	17656	3896
8192	17660	3895
8193	17662	3892
8194	17665	3890
8195	17667	3888
8196	17669	3886
8197	17671	3884
8198	17673	3882
8199	17676	3880
8200	17679	3878
8201	17681	3876
8202	17683	3873
8203	17685	3871
8204	17688	3869
8205	17690	3867
8206	17692	3865
8207	17695	3863
8208	17697	3861
8209	17699	3858
8210	17701	3856
8211	17704	3854
8212	17706	3852
8213	17708	3850
8214	17710	3848
8215	17712	3846
8216	17715	3844
8217	17717	3841
8218	17719	3839
8219	17722	3837
8220	17724	3835
8221	17726	3833
8222	17728	3831
8223	17730	3829
8224	17732	3826
8225	17735	3824
8226	17737	3822
8227	17740	3820
8228	17742	3818
8229	17745	3816
8230	17747	3814
8231	17749	3812
8232	17751	3809
8233	17754	3807
8234	17756	3805
8235	17758	3803
8236	17761	3801
8237	17763	3799
8238	17766	3797
8239	17769	3795
8240	17772	3793
8241	17774	3791
8242	17776	3789
8243	17778	3786
8244	17780	3784
8245	17782	3782
8246	17785	3780
8247	17787	3778
8248	17789	3776
8249	17791	3773
8250	17793	3771
8251	17795	3769
8252	17797	3767
8253	17799	3765
8254	17801	3763
8255	17803	3760
8256	17806	3758
8257	17808	3756
8258	17810	3754
8259	17812	3752
8260	17814	3750
8261	17816	3747
8262	17818	3745
8263	17821	3743
8264	17823	3741
8265	17825	3739
8266	17828	3737
8267	17831	3735
8268	17833	3733
8269	17836	3731
8270	17838	3728
8271	17840	3726
8272	17842	3724
8273	17844	3722
8274	17846	3720
8275	17849	3718
8276	17851	3716
8277	17853	3713
8278	17855	3711
8279	17857	3709
8280	17860	3707
8281	17862	3705
8282	17865	3703
8283	17867	3701
8284	17869	3698
8285	17871	3696
8286	17873	3694
8287	17875	3692
8288	17877	3690
8289	17879	3688
8290	17881	3685
8291	17883	3683
8292	17885	3681
8293	17887	3679
8294	17889	3677
8295	17892	3675
8296	17894	3672
8297	17896	3670
8298	17898	3668
8299	17900	3666
8300	17902	3664
8301	17904	3661
8302	17906	3659
8303	17908	3657
8304	17911	3655
8305	17912	3653
8306	17914	3651
8307	17916	3648
8308	17918	3646
8309	17921	3644
8310	17923	3642
8311	17925	3640
8312	17927	3638
8313	17930	3636
8314	17932	3633
8315	17934	3631
8316	17936	3629
8317	17938	3627
8318	17940	3625
8319	17942	3623
8320	17944	3620
8321	17946	3618
8322	17948	3616
8323	17951	3614
8324	17953	3612
8325	17955	3610
8326	17957	3607
8327	17959	3605
8328	17961	3603
8329	17963	3601
8330	17965	3599
8331	17968	3597
8332	17970	3594
8333	17972	3592
8334	17974	3590
8335	17976	3588
8336	17978	3586
8337	17980	3584
8338	17983	3582
8339	17985	3579
8340	17987	3577
8341	17989	3575
8342	17993	3573
8343	17996	3571
8344	17999	3569
8345	18001	3567
8346	18003	3565
8347	18006	3563
8348	18009	3561
8349	18012	3559
8350	18015	3557
8351	18018	3555
8352	18020	3553
8353	18022	3551
8354	18024	3548
8355	18027	3546
8356	18029	3544
8357	18031	3542
8358	18034	3540
8359	18036	3538
8360	18038	3536
8361	18040	3533
8362	18042	3531
8363	18044	3529
8364	18046	3527
8365	18049	3525
8366	18051	3523
8367	18053	3520
8368	18055	3518
8369	18057	3516
8370	18059	3514
8371	18061	3512
8372	18064	3510
8373	18065	3507
8374	18068	3505
8375	18069	3503
8376	18071	3501
8377	18074	3499
8378	18075	3496
8379	18077	3494
8380	18079	3492
8381	18081	3490
8382	18083	3488
8383	18086	3486
8384	18088	3483
8385	18090	3481
8386	18092	3479
8387	18095	3477
8388	18097	3475
8389	18098	3473
8390	18100	3470
8391	18102	3468
8392	18104	3466
8393	18107	3464
8394	18109	3462
8395	18111	3460
8396	18113	3457
8397	18115	3455
8398	18117	3453
8399	18119	3451
8400	18121	3449
8401	18124	3447
8402	18127	3445
8403	18129	3442
8404	18131	3440
8405	18133	3438
8406	18135	3436
8407	18137	3434
8408	18139	3432
8409	18141	3429
8410	18143	3427
8411	18145	3425
8412	18147	3423
8413	18149	3421
8414	18151	3418
8415	18154	3416
8416	18156	3414
8417	18158	3412
8418	18160	3410
8419	18162	3408
8420	18164	3405
8421	18166	3403
8422	18168	3401
8423	18170	3399
8424	18172	3397
8425	18174	3395
8426	18176	3392
8427	18178	3390
8428	18181	3388
8429	18183	3386
8430	18186	3384
8431	18187	3382
8432	18189	3379
8433	18191	3377
8434	18193	3375
8435	18197	3373
8436	18199	3371
8437	18202	3369
8438	18204	3367
8439	18216	3367
8440	18219	3365
8441	18224	3363
8442	18226	3361
8443	18228	3359
8444	18231	3356
8445	18233	3354
8446	18235	3352
8447	18237	3350
8448	18239	3348
8449	18241	3346
8450	18243	3343
8451	18245	3341
8452	18247	3339
8453	18249	3337
8454	18251	3335
8455	18253	3332
8456	18255	3330
8457	18257	3328
8458	18259	3326
8459	18261	3324
8460	18263	3322
8461	18265	3319
8462	18267	3317
8463	18269	3315
8464	18271	3313
8465	18273	3311
8466	18275	3308
8467	18277	3306
8468	18279	3304
8469	18281	3302
8470	18283	3300
8471	18285	3298
8472	18287	3295
8473	18290	3293
8474	18292	3291
8475	18294	3289
8476	18297	3287
8477	18299	3285
8478	18301	3283
8479	18303	3280
8480	18305	3278
8481	18307	3276
8482	18309	3274
8483	18311	3272
8484	18313	3269
8485	18315	3267
8486	18317	3265
8487	18320	3263
8488	18322	3261
8489	18324	3259
8490	18326	3256
8491	18328	3254
8492	18331	3252
8493	18333	3250
8494	18335	3248
8495	18337	3246
8496	18339	3244
8497	18341	3241
8498	18343	3239
8499	18345	3237
8500	18348	3235
8501	18351	3233
8502	18353	3231
8503	18356	3229
8504	18359	3227
8505	18362	3225
8506	18366	3223
8507	18368	3221
8508	18371	3219
8509	18374	3217
8510	18377	3215
8511	18380	3213
8512	18383	3211
8513	18386	3209
8514	18389	3207
8515	18392	3205
8516	18395	3203
8517	18398	3200
8518	18400	3198
8519	18402	3196
8520	18405	3194
8521	18408	3192
8522	18410	3190
8523	18412	3188
8524	18414	3186
8525	18417	3184
8526	18419	3181
8527	18422	3179
8528	18424	3177
8529	18426	3175
8530	18429	3173
8531	18431	3171
8532	18433	3169
8533	18435	3166
8534	18438	3164
8535	18440	3162
8536	18442	3160
8537	18444	3158
8538	18447	3156
8539	18449	3154
8540	18452	3152
8541	18454	3149
8542	18456	3147
8543	18459	3145
8544	18461	3143
8545	18464	3141
8546	18467	3139
8547	18469	3137
8548	18472	3135
8549	18474	3133
8550	18476	3130
8551	18478	3128
8552	18480	3126
8553	18482	3124
8554	18485	3122
8555	18487	3120
8556	18489	3117
8557	18491	3115
8558	18494	3113
8559	18496	3111
8560	18499	3109
8561	18501	3107
8562	18503	3105
8563	18505	3102
8564	18507	3100
8565	18509	3098
8566	18511	3096
8567	18513	3094
8568	18515	3092
8569	18517	3089
8570	18519	3087
8571	18521	3085
8572	18523	3083
8573	18525	3081
8574	18528	3079
8575	18530	3076
8576	18532	3074
8577	18534	3072
8578	18536	3070
8579	18539	3068
8580	18541	3066
8581	18543	3063
8582	18545	3061
8583	18547	3059
8584	18549	3057
8585	18551	3055
8586	18553	3053
8587	18555	3050
8588	18558	3048
8589	18560	3046
8590	18562	3044
8591	18564	3042
8592	18567	3040
8593	18569	3037
8594	18571	3035
8595	18574	3033
8596	18577	3031
8597	18579	3029
8598	18581	3027
8599	18583	3025
8600	18586	3023
8601	18588	3020
8602	18590	3018
8603	18593	3016
8604	18595	3014
8605	18597	3012
8606	18599	3010
8607	18601	3008
8608	18603	3005
8609	18605	3003
8610	18607	3001
8611	18609	2999
8612	18611	2997
8613	18613	2994
8614	18615	2992
8615	18617	2990
8616	18619	2988
8617	18622	2986
8618	18624	2984
8619	18626	2981
8620	18628	2979
8621	18630	2977
8622	18632	2975
8623	18634	2973
8624	18636	2971
8625	18638	2968
8626	18640	2966
8627	18642	2964
8628	18644	2962
8629	18646	2960
8630	18649	2958
8631	18651	2955
8632	18653	2953
8633	18655	2951
8634	18657	2949
8635	18659	2947
8636	18661	2945
8637	18664	2942
8638	18666	2940
8639	18669	2938
8640	18670	2936
8641	18672	2934
8642	18674	2932
8643	18676	2929
8644	18678	2927
8645	18681	2925
8646	18683	2923
8647	18685	2921
8648	18687	2919
8649	18689	2916
8650	18691	2914
8651	18693	2912
8652	18696	2910
8653	18698	2908
8654	18700	2906
8655	18702	2903
8656	18704	2901
8657	18706	2899
8658	18708	2897
8659	18710	2895
8660	18712	2893
8661	18714	2890
8662	18716	2888
8663	18718	2886
8664	18720	2884
8665	18722	2882
8666	18724	2879
8667	18726	2877
8668	18729	2875
8669	18731	2873
8670	18733	2871
8671	18735	2869
8672	18737	2866
8673	18739	2864
8674	18742	2862
8675	18745	2860
8676	18747	2858
8677	18749	2856
8678	18751	2854
8679	18753	2851
8680	18756	2849
8681	18758	2847
8682	18761	2845
8683	18763	2843
8684	18765	2841
8685	18768	2839
8686	18770	2837
8687	18772	2834
8688	18775	2832
8689	18777	2830
8690	18780	2828
8691	18782	2826
8692	18784	2824
8693	18786	2822
8694	18788	2819
8695	18791	2817
8696	18793	2815
8697	18795	2813
8698	18797	2811
8699	18799	2809
8700	18801	2806
8701	18803	2804
8702	18805	2802
8703	18807	2800
8704	18809	2798
8705	18811	2796
8706	18813	2793
8707	18815	2791
8708	18818	2789
8709	18820	2787
8710	18822	2785
8711	18824	2783
8712	18826	2780
8713	18828	2778
8714	18830	2776
8715	18832	2774
8716	18835	2772
8717	18837	2770
8718	18839	2767
8719	18841	2765
8720	18843	2763
8721	18845	2761
8722	18847	2759
8723	18849	2756
8724	18851	2754
8725	18853	2752
8726	18855	2750
8727	18857	2748
8728	18859	2746
8729	18861	2743
8730	18863	2741
8731	18866	2739
8732	18868	2737
8733	18871	2735
8734	18873	2733
8735	18875	2731
8736	18877	2728
8737	18879	2726
8738	18881	2724
8739	18883	2722
8740	18885	2720
8741	18888	2718
8742	18889	2715
8743	18892	2713
8744	18894	2711
8745	18896	2709
8746	18898	2707
8747	18900	2705
8748	18902	2702
8749	18904	2700
8750	18906	2698
8751	18908	2696
8752	18911	2694
8753	18913	2692
8754	18915	2689
8755	18917	2687
8756	18919	2685
8757	18921	2683
8758	18924	2681
8759	18926	2679
8760	18928	2676
8761	18931	2674
8762	18933	2672
8763	18935	2670
8764	18936	2668
8765	18939	2666
8766	18941	2663
8767	18943	2661
8768	18946	2659
8769	18948	2657
8770	18950	2655
8771	18952	2653
8772	18966	2652
8773	18969	2650
8774	18972	2648
8775	18975	2646
8776	18977	2644
8777	18979	2642
8778	18981	2639
8779	18983	2637
8780	18985	2635
8781	18987	2633
8782	18989	2631
8783	18991	2629
8784	18993	2626
8785	18995	2624
8786	18997	2622
8787	18999	2620
8788	19002	2618
8789	19004	2616
8790	19006	2613
8791	19008	2611
8792	19010	2609
8793	19012	2607
8794	19014	2605
8795	19016	2602
8796	19021	2601
8797	19023	2599
8798	19025	2596
8799	19027	2594
8800	19029	2592
8801	19031	2590
8802	19034	2588
8803	19036	2586
8804	19038	2583
8805	19040	2581
8806	19042	2579
8807	19044	2577
8808	19046	2575
8809	19049	2573
8810	19051	2570
8811	19053	2568
8812	19056	2566
8813	19058	2564
8814	19060	2562
8815	19062	2560
8816	19065	2558
8817	19068	2555
8818	19070	2553
8819	19072	2551
8820	19075	2549
8821	19077	2547
8822	19079	2545
8823	19082	2543
8824	19084	2540
8825	19086	2538
8826	19088	2536
8827	19090	2534
8828	19093	2532
8829	19095	2530
8830	19097	2528
8831	19099	2525
8832	19101	2523
8833	19104	2521
8834	19106	2519
8835	19109	2517
8836	19111	2515
8837	19113	2513
8838	19115	2510
8839	19118	2508
8840	19120	2506
8841	19122	2504
8842	19124	2502
8843	19126	2499
8844	19128	2497
8845	19130	2495
8846	19132	2493
8847	19152	2493
8848	19164	2492
8849	19191	2493
8850	19197	2492
8851	19200	2490
8852	19202	2487
8853	19204	2485
8854	19207	2483
8855	19212	2481
8856	19218	2480
8857	19221	2478
8858	19224	2476
8859	19226	2473
8860	19228	2471
8861	19230	2469
8862	19233	2467
8863	19235	2465
8864	19237	2463
8865	19240	2460
8866	19242	2458
8867	19244	2456
8868	19246	2454
8869	19248	2452
8870	19250	2449
8871	19253	2447
8872	19257	2446
8873	19261	2444
8874	19264	2441
8875	19267	2439
8876	19269	2437
8877	19272	2435
8878	19274	2433
8879	19276	2431
8880	19279	2429
8881	19281	2426
8882	19284	2424
8883	19287	2422
8884	19289	2420
8885	19292	2418
8886	19294	2416
8887	19296	2414
8888	19299	2412
8889	19301	2410
8890	19304	2407
8891	19306	2405
8892	19309	2403
8893	19312	2401
8894	19315	2399
8895	19317	2397
8896	19320	2395
8897	19322	2393
8898	19324	2390
8899	19327	2388
8900	19330	2386
8901	19333	2384
8902	19336	2382
8903	19338	2380
8904	19341	2378
8905	19343	2376
8906	19346	2374
8907	19348	2371
8908	19351	2369
8909	19353	2367
8910	19356	2365
8911	19359	2363
8912	19361	2361
8913	19363	2359
8914	19366	2356
8915	19368	2354
8916	19370	2352
8917	19372	2350
8918	19375	2348
8919	19377	2346
8920	19379	2344
8921	19382	2341
8922	19384	2339
8923	19386	2337
8924	19388	2335
8925	19391	2333
8926	19393	2331
8927	19395	2328
8928	19398	2326
8929	19400	2324
8930	19402	2322
8931	19405	2320
8932	19407	2318
8933	19409	2315
8934	19411	2313
8935	19414	2311
8936	19416	2309
8937	19418	2307
8938	19421	2305
8939	19423	2303
8940	19426	2300
8941	19428	2298
8942	19430	2296
8943	19432	2294
8944	19434	2292
8945	19437	2290
8946	19439	2287
8947	19442	2285
8948	19444	2283
8949	19446	2281
8950	19448	2279
8951	19451	2277
8952	19453	2274
8953	19455	2272
8954	19457	2270
8955	19460	2268
8956	19462	2266
8957	19464	2264
8958	19467	2262
8959	19469	2259
8960	19471	2257
8961	19474	2255
8962	19476	2253
8963	19478	2251
8964	19481	2249
8965	19483	2246
8966	19486	2244
8967	19488	2242
8968	19490	2240
8969	19493	2238
8970	19495	2236
8971	19497	2234
8972	19500	2231
8973	19503	2229
8974	19506	2227
8975	19508	2225
8976	19511	2223
8977	19513	2221
8978	19516	2219
8979	19519	2217
8980	19521	2214
8981	19524	2212
8982	19526	2210
8983	19529	2208
8984	19532	2206
8985	19534	2204
8986	19536	2202
8987	19539	2200
8988	19541	2197
8989	19544	2195
8990	19546	2193
8991	19548	2191
8992	19550	2189
8993	19553	2187
8994	19555	2184
8995	19557	2182
8996	19560	2180
8997	19563	2178
8998	19565	2176
8999	19567	2174
9000	19569	2171
9001	19571	2169
9002	19574	2167
9003	19576	2165
9004	19579	2163
9005	19581	2161
9006	19583	2159
9007	19585	2156
9008	19588	2154
9009	19591	2152
9010	19592	2150
9011	19595	2148
9012	19598	2146
9013	19600	2144
9014	19603	2141
9015	19606	2139
9016	19608	2137
9017	19611	2135
9018	19613	2133
9019	19616	2131
9020	19618	2129
9021	19621	2126
9022	19624	2124
9023	19626	2122
9024	19629	2120
9025	19632	2118
9026	19634	2116
9027	19636	2114
9028	19639	2112
9029	19641	2109
9030	19644	2107
9031	19646	2105
9032	19649	2103
9033	19652	2101
9034	19654	2099
9035	19657	2097
9036	19660	2095
9037	19662	2092
9038	19665	2090
9039	19667	2088
9040	19670	2086
9041	19672	2084
9042	19674	2082
9043	19677	2079
9044	19679	2077
9045	19682	2075
9046	19684	2073
9047	19687	2071
9048	19689	2069
9049	19692	2067
9050	19694	2064
9051	19697	2062
9052	19700	2060
9053	19702	2058
9054	19705	2056
9055	19708	2054
9056	19711	2052
9057	19725	2051
9058	19729	2049
9059	19731	2047
9060	19734	2045
9061	19736	2042
9062	19739	2040
9063	19741	2038
9064	19744	2036
9065	19746	2034
9066	19749	2032
9067	19751	2030
9068	19753	2027
9069	19755	2025
9070	19758	2023
9071	19760	2021
9072	19762	2019
9073	19765	2017
9074	19767	2014
9075	19770	2012
9076	19773	2010
9077	19776	2008
9078	19778	2006
9079	19780	2004
9080	19783	2002
9081	19785	1999
9082	19787	1997
9083	19790	1995
9084	19792	1993
9085	19795	1991
9086	19797	1989
9087	19799	1986
9088	19801	1984
9089	19804	1982
9090	19806	1980
9091	19809	1978
9092	19811	1976
9093	19813	1973
9094	19815	1971
9095	19818	1969
9096	19821	1967
9097	19823	1965
9098	19825	1963
9099	19828	1961
9100	19830	1958
9101	19833	1956
9102	19835	1954
9103	19837	1952
9104	19840	1950
9105	19842	1948
9106	19844	1945
9107	19846	1943
9108	19849	1941
9109	19851	1939
9110	19853	1937
9111	19856	1935
9112	19858	1932
9113	19860	1930
9114	19863	1928
9115	19865	1926
9116	19868	1924
9117	19871	1922
9118	19873	1920
9119	19876	1917
9120	19878	1915
9121	19881	1913
9122	19883	1911
9123	19886	1909
9124	19888	1907
9125	19891	1904
9126	19894	1902
9127	19897	1900
9128	19900	1898
9129	19902	1896
9130	19905	1894
9131	19907	1892
9132	19910	1890
9133	19913	1887
9134	19915	1885
9135	19918	1883
9136	19920	1881
9137	19923	1879
9138	19925	1877
9139	19927	1875
9140	19930	1872
9141	19932	1870
9142	19934	1868
9143	19937	1866
9144	19939	1864
9145	19941	1862
9146	19944	1859
9147	19946	1857
9148	19948	1855
9149	19950	1853
9150	19952	1851
9151	19954	1848
9152	19957	1846
9153	19959	1844
9154	19961	1842
9155	19964	1840
9156	19966	1838
9157	19968	1835
9158	19971	1833
9159	19973	1831
9160	19975	1829
9161	19978	1827
9162	19980	1825
9163	19982	1822
9164	19984	1820
9165	19986	1818
9166	19989	1816
9167	19991	1814
9168	19993	1812
9169	19996	1809
9170	19999	1807
9171	20001	1805
9172	20004	1803
9173	20007	1801
9174	20010	1799
9175	20012	1797
9176	20014	1794
9177	20017	1792
9178	20020	1790
9179	20023	1788
9180	20025	1786
9181	20028	1784
9182	20030	1782
9183	20033	1780
9184	20036	1777
9185	20038	1775
9186	20040	1773
9187	20043	1771
9188	20045	1769
9189	20047	1766
9190	20050	1764
9191	20052	1762
9192	20054	1760
9193	20057	1758
9194	20060	1756
9195	20062	1754
9196	20065	1751
9197	20068	1749
9198	20071	1747
9199	20074	1745
9200	20076	1743
9201	20078	1741
9202	20081	1739
9203	20083	1736
9204	20086	1734
9205	20088	1732
9206	20091	1730
9207	20094	1728
9208	20097	1726
9209	20099	1724
9210	20102	1721
9211	20104	1719
9212	20106	1717
9213	20109	1715
9214	20111	1713
9215	20114	1711
9216	20116	1708
9217	20118	1706
9218	20120	1704
9219	20122	1702
9220	20125	1700
9221	20128	1698
9222	20130	1695
9223	20132	1693
9224	20134	1691
9225	20136	1689
9226	20139	1687
9227	20141	1684
9228	20143	1682
9229	20145	1680
9230	20148	1678
9231	20150	1676
9232	20152	1674
9233	20154	1671
9234	20156	1669
9235	20159	1667
9236	20161	1665
9237	20163	1663
9238	20165	1661
9239	20168	1658
9240	20170	1656
9241	20172	1654
9242	20175	1652
9243	20177	1650
9244	20179	1647
9245	20181	1645
9246	20183	1643
9247	20186	1641
9248	20188	1639
9249	20190	1637
9250	20193	1634
9251	20195	1632
9252	20197	1630
9253	20199	1628
9254	20202	1626
9255	20205	1624
9256	20207	1621
9257	20209	1619
9258	20212	1617
9259	20214	1615
9260	20217	1613
9261	20219	1611
9262	20221	1608
9263	20223	1606
9264	20225	1604
9265	20227	1602
9266	20230	1600
9267	20233	1598
9268	20236	1595
9269	20239	1593
9270	20241	1591
9271	20243	1589
9272	20245	1587
9273	20248	1585
9274	20250	1582
9275	20252	1580
9276	20254	1578
9277	20257	1576
9278	20259	1574
9279	20261	1572
9280	20263	1569
9281	20266	1567
9282	20268	1565
9283	20270	1563
9284	20273	1561
9285	20275	1559
9286	20278	1556
9287	20280	1554
9288	20283	1552
9289	20286	1550
9290	20288	1548
9291	20291	1546
9292	20293	1543
9293	20296	1541
9294	20298	1539
9295	20300	1537
9296	20303	1535
9297	20305	1533
9298	20308	1530
9299	20310	1528
9300	20312	1526
9301	20315	1524
9302	20317	1522
9303	20319	1520
9304	20321	1517
9305	20324	1515
9306	20326	1513
9307	20329	1511
9308	20331	1509
9309	20333	1507
9310	20335	1504
9311	20338	1502
9312	20340	1500
9313	20343	1498
9314	20345	1496
9315	20347	1493
9316	20349	1491
9317	20352	1489
9318	20354	1487
9319	20356	1485
9320	20358	1483
9321	20361	1480
9322	20363	1478
9323	20365	1476
9324	20368	1474
9325	20370	1472
9326	20372	1470
9327	20375	1467
9328	20377	1465
9329	20379	1463
9330	20382	1461
9331	20384	1459
9332	20387	1456
9333	20389	1454
9334	20391	1452
9335	20394	1450
9336	20396	1448
9337	20398	1446
9338	20400	1443
9339	20403	1441
9340	20405	1439
9341	20407	1437
9342	20409	1435
9343	20411	1433
9344	20414	1430
9345	20416	1428
9346	20418	1426
9347	20421	1424
9348	20423	1422
9349	20425	1419
9350	20427	1417
9351	20430	1415
9352	20433	1413
9353	20435	1411
9354	20437	1409
9355	20439	1406
9356	20441	1404
9357	20444	1402
9358	20446	1400
9359	20449	1398
9360	20451	1396
9361	20454	1393
9362	20456	1391
9363	20459	1389
9364	20462	1387
9365	20465	1385
9366	20467	1383
9367	20469	1380
9368	20471	1378
9369	20474	1376
9370	20477	1374
9371	20479	1372
9372	20481	1370
9373	20484	1367
9374	20486	1365
9375	20488	1363
9376	20491	1361
9377	20493	1359
9378	20496	1357
9379	20498	1354
9380	20500	1352
9381	20502	1350
9382	20504	1348
9383	20507	1346
9384	20510	1344
9385	20513	1341
9386	20515	1339
9387	20518	1337
9388	20521	1335
9389	20524	1333
9390	20527	1331
9391	20530	1329
9392	20533	1326
9393	20535	1324
9394	20538	1322
9395	20540	1320
9396	20542	1318
9397	20544	1316
9398	20547	1313
9399	20549	1311
9400	20551	1309
9401	20554	1307
9402	20556	1305
9403	20558	1302
9404	20561	1300
9405	20563	1298
9406	20565	1296
9407	20568	1294
9408	20570	1292
9409	20572	1289
9410	20575	1287
9411	20577	1285
9412	20579	1283
9413	20582	1281
9414	20584	1279
9415	20587	1276
9416	20589	1274
9417	20592	1272
9418	20594	1270
9419	20596	1268
9420	20598	1265
9421	20601	1263
9422	20603	1261
9423	20606	1259
9424	20608	1257
9425	20611	1255
9426	20613	1252
9427	20616	1250
9428	20618	1248
9429	20620	1246
9430	20623	1244
9431	20625	1242
9432	20627	1239
9433	20629	1237
9434	20631	1235
9435	20634	1233
9436	20637	1231
9437	20639	1229
9438	20653	1227
9439	20657	1225
9440	20659	1223
9441	20662	1221
9442	20665	1218
9443	20667	1216
9444	20669	1214
9445	20671	1212
9446	20674	1210
9447	20676	1208
9448	20679	1205
9449	20681	1203
9450	20683	1201
9451	20685	1199
9452	20688	1197
9453	20690	1194
9454	20692	1192
9455	20695	1190
9456	20698	1188
9457	20700	1186
9458	20702	1184
9459	20705	1181
9460	20707	1179
9461	20709	1177
9462	20712	1175
9463	20714	1173
9464	20716	1170
9465	20718	1168
9466	20721	1166
9467	20723	1164
9468	20725	1162
9469	20727	1160
9470	20729	1157
9471	20732	1155
9472	20734	1153
9473	20737	1151
9474	20740	1149
9475	20742	1147
9476	20744	1144
9477	20746	1142
9478	20749	1140
9479	20751	1138
9480	20754	1136
9481	20756	1133
9482	20759	1131
9483	20761	1129
9484	20763	1127
9485	20765	1125
9486	20768	1123
9487	20771	1120
9488	20773	1118
9489	20775	1116
9490	20777	1114
9491	20780	1112
9492	20782	1109
9493	20785	1107
9494	20787	1105
9495	20790	1103
9496	20792	1101
9497	20795	1099
9498	20797	1096
9499	20800	1094
9500	20802	1092
9501	20805	1090
9502	20807	1088
9503	20810	1086
9504	20812	1083
9505	20814	1081
9506	20816	1079
9507	20818	1077
9508	20820	1075
9509	20823	1072
9510	20826	1070
9511	20829	1068
9512	20831	1066
9513	20834	1064
9514	20836	1062
9515	20839	1059
9516	20841	1057
9517	20843	1055
9518	20846	1053
9519	20848	1051
9520	20851	1049
9521	20853	1046
9522	20855	1044
9523	20857	1042
9524	20860	1040
9525	20862	1038
9526	20864	1035
9527	20867	1033
9528	20869	1031
9529	20871	1029
9530	20873	1027
9531	20876	1024
9532	20878	1022
9533	20881	1020
9534	20883	1018
9535	20885	1016
9536	20887	1014
9537	20890	1011
9538	20893	1009
9539	20895	1007
9540	20897	1005
9541	20900	1003
9542	20902	1000
9543	20904	998
9544	20906	996
9545	20908	994
9546	20911	992
9547	20913	990
9548	20915	987
9549	20918	985
9550	20921	983
9551	20924	981
9552	20927	979
9553	20929	977
9554	20932	974
9555	20935	972
9556	20938	970
9557	20941	968
9558	20943	966
9559	20945	964
9560	20948	961
9561	20951	959
9562	20954	957
9563	20957	955
9564	20960	953
9565	20963	951
9566	20966	948
9567	20968	946
9568	20971	944
9569	20974	942
9570	20977	940
9571	20979	938
9572	20981	935
9573	20984	933
9574	20986	931
9575	20989	929
9576	20991	927
9577	20993	924
9578	20995	922
9579	20997	920
9580	21001	918
9581	21003	916
9582	21005	914
9583	21007	911
9584	21010	909
9585	21012	907
9586	21015	905
9587	21018	903
9588	21020	900
9589	21023	898
9590	21025	896
9591	21028	894
9592	21030	892
9593	21033	890
9594	21035	887
9595	21038	885
9596	21040	883
9597	21043	881
9598	21045	879
9599	21048	877
9600	21050	874
9601	21052	872
9602	21054	870
9603	21056	868
9604	21059	866
9605	21062	863
9606	21064	861
9607	21067	859
9608	21069	857
9609	21071	855
9610	21074	852
9611	21076	850
9612	21079	848
9613	21081	846
9614	21083	844
9615	21085	842
9616	21087	839
9617	21090	837
9618	21092	835
9619	21094	833
9620	21096	831
9621	21098	828
9622	21101	826
9623	21103	824
9624	21106	822
9625	21108	820
9626	21110	817
9627	21112	815
9628	21115	813
9629	21117	811
9630	21119	809
9631	21122	806
9632	21124	804
9633	21126	802
9634	21129	800
9635	21131	798
9636	21133	796
9637	21136	793
9638	21139	791
9639	21141	789
9640	21143	787
9641	21145	785
9642	21147	782
9643	21150	780
9644	21152	778
9645	21154	776
9646	21157	774
9647	21159	772
9648	21161	769
9649	21164	767
9650	21166	765
9651	21169	763
9652	21171	761
9653	21173	758
9654	21175	756
9655	21178	754
9656	21180	752
9657	21182	750
9658	21185	747
9659	21187	745
9660	21190	743
9661	21192	741
9662	21194	739
9663	21196	736
9664	21199	734
9665	21202	732
9666	21204	730
9667	21207	728
9668	21209	726
9669	21212	723
9670	21215	721
9671	21218	719
9672	21220	717
9673	21222	715
9674	21224	712
9675	21226	710
9676	21229	708
9677	21231	706
9678	21234	704
9679	21236	702
9680	21238	699
9681	21240	697
9682	21243	695
9683	21245	693
9684	21247	691
9685	21250	688
9686	21252	686
9687	21254	684
9688	21256	682
9689	21259	680
9690	21261	677
9691	21263	675
9692	21266	673
9693	21268	671
9694	21270	669
9695	21272	666
9696	21275	664
9697	21277	662
9698	21280	660
9699	21282	658
9700	21284	656
9701	21286	653
9702	21289	651
9703	21291	649
9704	21294	647
9705	21296	645
9706	21298	642
9707	21300	640
9708	21303	638
9709	21305	636
9710	21308	634
9711	21310	631
9712	21312	629
9713	21315	627
9714	21317	625
9715	21319	623
9716	21322	621
9717	21324	618
9718	21326	616
9719	21328	614
9720	21331	612
9721	21333	610
9722	21336	607
9723	21339	605
9724	21341	603
9725	21344	601
9726	21346	599
9727	21348	596
9728	21351	594
9729	21353	592
9730	21355	590
9731	21357	588
9732	21360	585
9733	21362	583
9734	21365	581
9735	21367	579
9736	21370	577
9737	21372	575
9738	21375	572
9739	21377	570
9740	21380	568
9741	21382	566
9742	21385	564
9743	21387	561
9744	21389	559
9745	21392	557
9746	21395	555
9747	21397	553
9748	21400	550
9749	21403	548
9750	21417	546
9751	21421	544
9752	21423	542
9753	21425	540
9754	21428	538
9755	21430	535
9756	21433	533
9757	21436	531
9758	21438	529
9759	21441	527
9760	21444	525
9761	21447	522
9762	21449	520
9763	21452	518
9764	21454	516
9765	21456	514
9766	21458	511
9767	21461	509
9768	21463	507
9769	21465	505
9770	21467	503
9771	21470	500
9772	21472	498
9773	21474	496
9774	21477	494
9775	21479	492
9776	21482	489
9777	21484	487
9778	21486	485
9779	21489	483
9780	21491	481
9781	21493	479
9782	21496	476
9783	21498	474
9784	21500	472
9785	21503	470
9786	21505	468
9787	21507	465
9788	21510	463
9789	21512	461
9790	21514	459
9791	21516	457
9792	21519	454
9793	21522	452
9794	21524	450
9795	21526	448
9796	21528	446
9797	21530	443
9798	21533	441
9799	21535	439
9800	21538	437
9801	21540	435
9802	21542	432
9803	21544	430
9804	21546	428
9805	21549	426
9806	21551	424
9807	21554	421
9808	21556	419
9809	21558	417
9810	21560	415
9811	21563	413
9812	21565	410
9813	21569	408
9814	21571	406
9815	21573	404
9816	21575	402
9817	21578	400
9818	21580	397
9819	21583	395
9820	21586	393
9821	21588	391
9822	21591	389
9823	21594	386
9824	21597	384
9825	21599	382
9826	21602	380
9827	21604	378
9828	21606	375
9829	21608	373
9830	21610	371
9831	21613	369
9832	21615	367
9833	21617	364
9834	21619	362
9835	21621	360
9836	21623	358
9837	21626	356
9838	21629	353
9839	21631	351
9840	21633	349
9841	21635	347
9842	21637	345
9843	21639	342
9844	21641	340
9845	21644	338
9846	21646	336
9847	21648	334
9848	21650	331
9849	21653	329
9850	21655	327
9851	21657	325
9852	21660	323
9853	21663	320
9854	21665	318
9855	21667	316
9856	21669	314
9857	21672	312
9858	21674	309
9859	21676	307
9860	21678	305
9861	21681	303
9862	21683	301
9863	21685	298
9864	21687	296
9865	21690	294
9866	21692	292
9867	21694	290
9868	21696	287
9869	21699	285
9870	21702	283
9871	21704	281
9872	21707	279
9873	21710	277
9874	21712	274
9875	21714	272
9876	21716	270
9877	21719	268
9878	21721	266
9879	21723	263
9880	21726	261
9881	21728	259
9882	21730	257
9883	21733	255
9884	21735	252
9885	21737	250
9886	21739	248
9887	21741	246
9888	21744	244
9889	21746	241
9890	21749	239
9891	21751	237
9892	21753	235
9893	21755	233
9894	21758	230
9895	21760	228
9896	21762	226
9897	21765	224
9898	21767	222
9899	21770	219
9900	21773	217
9901	21776	215
9902	21778	213
9903	21781	211
9904	21783	208
9905	21786	206
9906	21789	204
9907	21791	202
9908	21793	200
9909	21796	197
9910	21799	195
9911	21801	193
9912	21803	191
9913	21805	189
9914	21808	186
9915	21810	184
9916	21812	182
9917	21814	180
9918	21817	178
9919	21819	175
9920	21821	173
9921	21823	171
9922	21826	169
9923	21828	167
9924	21831	164
9925	21834	162
9926	21836	160
9927	21839	158
9928	21842	156
9929	21845	153
9930	21848	151
9931	21850	149
9932	21853	147
9933	21857	145
9934	21859	143
9935	21862	140
9936	21865	138
9937	21869	136
9938	21872	134
9939	21875	132
9940	21878	129
9941	21880	127
9942	21882	125
9943	21885	123
9944	21887	121
9945	21889	118
9946	21892	116
9947	21894	114
9948	21896	112
9949	21898	110
9950	21900	107
9951	21903	105
9952	21905	103
9953	21908	101
9954	21910	99
9955	21912	96
9956	21914	94
9957	21917	92
9958	21919	90
9959	21921	88
9960	21923	85
9961	21925	83
9962	21928	81
9963	21930	79
9964	21932	77
9965	21935	74
9966	21937	72
9967	21939	70
9968	21942	68
9969	21944	66
9970	21947	63
9971	21949	61
9972	21952	59
9973	21954	57
9974	21957	55
9975	21959	52
9976	21962	50
9977	21965	48
9978	21968	46
9979	21970	44
9980	21973	41
9981	21975	39
9982	21978	37
9983	21981	35
9984	21983	33
9985	21986	30
9986	21988	28
9987	21990	26
9988	21992	24
9989	21995	22
9990	21998	19
9991	22000	17
9992	22002	15
9993	22004	13
9994	22006	11
9995	22009	8
9996	22011	6
9997	22013	4
9998	22015	2
9999	22017	0
